Stock,BY,GenTim(fishing mortality represented in calcuations)
ATN,1986,4.93
ATN,1987,4.73
ATN,1988,4.58
ATN,1989,4.61
ATN,1990,4.56
ATN,1991,4.42
ATN,1992,4.47
ATN,1993,4.44
ATN,1994,4.47
ATN,1995,4.38
ATN,1996,4.39
ATN,1997,4.60
ATN,1998,4.23
ATN,1999,4.62
ATN,2000,4.61
ATN,2001,4.66
ATN,2002,4.40
ATN,2005,4.32
ATN,2006,4.20
ATN,2007,4.47
ATN,2008,4.47
ATN,2009,4.22
ATN,2010,4.23
ATN,2011,4.24
ATN,2012,3.92
ATN,2013,4.16
ATN,2014,3.88
ATS,1990,5.14
ATS,1991,4.84
ATS,1992,4.74
ATS,1993,4.81
ATS,2007,5.02
ATS,2008,4.84
ATS,2009,4.59
ATS,2010,4.79
ATS,2011,4.66
BQR,1973,3.72
BQR,1974,3.67
BQR,1975,3.78
BQR,1976,3.47
BQR,1977,3.67
BQR,1978,3.88
BQR,1979,3.77
BQR,1980,3.54
BQR,1981,3.73
BQR,1982,3.76
BQR,1983,3.69
BQR,1984,3.82
BQR,1985,3.79
BQR,1986,3.64
BQR,1987,3.59
BQR,1988,3.47
BQR,1989,3.51
BQR,1990,3.69
BQR,1991,3.34
BQR,1992,3.40
BQR,1993,3.26
BQR,1994,3.57
BQR,1995,3.79
BQR,1996,3.59
BQR,1997,3.72
BQR,1998,3.50
BQR,1999,3.69
BQR,2000,3.59
BQR,2001,3.80
BQR,2002,3.28
BQR,2003,3.53
BQR,2004,3.44
BQR,2005,3.29
BQR,2006,3.46
BQR,2007,3.30
BQR,2008,3.44
BQR,2009,3.34
BQR,2010,3.78
BQR,2011,3.43
BQR,2012,3.48
BQR,2013,3.20
BQR,2014,3.13
BQR,2015,3.23
CHI,1981,3.34
CHI,1982,4.01
CHI,1983,3.92
CHI,1984,3.93
CHI,1985,3.59
CHI,1986,3.46
CHI,1987,3.73
CHI,1988,3.76
CHI,1989,3.64
CHI,1990,3.61
CHI,1991,3.62
CHI,1992,3.13
CHI,1993,3.36
CHI,1994,3.61
CHI,1995,3.55
CHI,1996,3.40
CHI,1997,3.51
CHI,1998,3.31
CHI,1999,3.59
CHI,2000,3.64
CHI,2001,3.43
CHI,2002,3.31
CHI,2003,3.16
CHI,2004,2.92
CHI,2005,3.03
CHI,2006,3.54
CHI,2007,3.14
CHI,2008,3.11
CHI,2009,3.37
CHI,2010,3.19
CHI,2011,3.20
CHI,2012,3.36
CHI,2013,3.10
CHI,2014,3.01
CHI,2015,3.07
CHK,1999,5.02
CHK,2000,4.59
CHK,2001,4.74
CHK,2002,5.13
CHK,2003,5.30
CHK,2004,4.89
CHK,2005,4.57
CHK,2006,4.89
CHK,2007,4.83
CHK,2008,5.16
CHK,2009,4.72
CHK,2010,4.50
CHK,2011,4.71
CHK,2012,4.67
CHK,2013,4.78
CHK,2014,4.68
COW,1985,3.68
COW,1987,3.71
COW,1988,3.67
COW,1989,3.68
COW,1990,3.35
COW,1991,3.51
COW,1992,3.11
COW,1993,2.90
COW,1994,2.95
COW,1995,2.71
COW,1996,2.91
COW,1997,3.14
COW,1998,3.14
COW,1999,3.16
COW,2000,3.41
COW,2001,3.52
COW,2002,3.12
COW,2003,3.06
COW,2005,2.85
COW,2006,3.12
COW,2007,3.09
COW,2008,3.40
COW,2009,2.96
COW,2010,3.05
COW,2011,3.17
COW,2012,3.69
COW,2013,3.14
COW,2014,3.04
COW,2015,2.95
CWF,1977,4.04
CWF,1978,3.91
CWF,1979,3.91
CWF,1980,3.97
CWF,1981,4.08
CWF,1982,3.97
CWF,1983,3.53
CWF,1984,3.90
CWF,1985,4.04
CWF,1986,3.78
CWF,1987,3.89
CWF,1988,4.08
CWF,1989,3.95
CWF,1990,3.69
CWF,1991,3.39
CWF,1992,3.90
CWF,1993,3.61
CWF,1994,4.14
CWF,1995,3.73
CWF,1996,3.87
CWF,1997,3.86
CWF,1998,3.67
CWF,1999,3.96
CWF,2000,3.86
CWF,2001,3.96
CWF,2002,3.84
CWF,2003,3.55
CWF,2004,3.12
CWF,2005,3.56
CWF,2006,3.51
CWF,2007,3.77
CWF,2008,3.44
CWF,2009,3.48
CWF,2010,3.52
CWF,2011,3.54
CWF,2012,3.56
CWF,2013,3.35
CWF,2014,3.39
DOM,1986,4.56
DOM,1987,4.58
DOM,1988,4.92
DOM,1989,4.42
DOM,1990,4.50
DOM,1991,4.24
DOM,1992,4.27
DOM,1993,4.53
DOM,1994,4.46
DOM,1995,4.40
DOM,1996,4.51
DOM,1997,4.26
DOM,1998,4.74
DOM,2000,4.99
DOM,2001,4.26
DOM,2002,4.31
ELK,1979,4.13
ELK,1980,3.75
ELK,1981,3.79
ELK,1982,3.21
ELK,1983,3.75
ELK,1984,4.00
ELK,1985,3.73
ELK,1986,3.52
ELK,1987,3.93
ELK,1988,3.95
ELK,1989,3.87
ELK,1990,4.13
ELK,1991,4.11
ELK,1992,3.78
ELK,1993,4.00
ELK,1994,4.13
ELK,1995,3.82
ELK,1996,3.95
ELK,1997,3.89
ELK,1998,3.81
ELK,1999,4.19
ELK,2000,3.94
ELK,2001,3.98
ELK,2002,3.95
ELK,2003,3.91
ELK,2004,3.98
ELK,2005,4.09
ELK,2006,3.82
ELK,2007,3.62
ELK,2008,3.75
ELK,2009,3.78
ELK,2010,4.15
ELK,2011,3.77
ELK,2012,3.65
ELK,2013,3.63
ELK,2014,3.67
ELW,1982,4.41
ELW,1983,4.21
ELW,1984,4.36
ELW,1985,4.01
ELW,1986,3.83
ELW,1989,3.74
ELW,1990,4.05
ELW,1991,4.05
ELW,1992,4.01
ELW,1993,4.08
ELW,1994,4.15
ELW,2012,4.01
ELW,2013,4.00
ELW,2014,4.38
GAD,1972,3.76
GAD,1974,4.09
GAD,1975,3.70
GAD,1978,3.66
GAD,1979,3.92
GAD,1980,3.42
GAD,1981,3.40
GAD,1985,3.85
GAD,1986,4.07
GAD,1987,3.72
GAD,1988,4.13
GAD,1989,3.91
GAD,1990,4.40
GAD,1991,3.66
GAD,1992,3.77
GAD,1993,3.83
GAD,1994,3.61
GAD,1995,3.52
GAD,1996,3.35
GAD,1997,3.79
GAD,1998,3.56
GAD,1999,3.74
GAD,2000,3.80
GAD,2001,3.60
GAD,2002,3.36
GAD,2003,3.66
GAD,2004,3.10
GAD,2005,3.09
GAD,2006,3.36
GAD,2007,3.37
GAD,2008,3.22
GAD,2009,3.09
GAD,2010,3.36
GAD,2011,3.45
GAD,2012,3.33
GAD,2013,3.14
GAD,2014,3.14
GRN,1971,4.25
GRN,1972,4.15
GRN,1973,4.10
GRN,1974,4.14
GRN,1975,4.15
GRN,1978,4.10
GRN,1979,3.947783668
GRN,1980,3.868668772
GRN,1981,3.87233638
GRN,1985,3.957942712
GRN,1986,3.850944145
GRN,1987,4.146109531
GRN,1988,3.937854791
GRN,1989,3.760656786
GRN,1990,3.867027186
GRN,1991,3.747138716
GRN,1992,3.78645411
GRN,1993,3.712981081
GRN,1994,3.904194635
GRN,1995,3.621989302
GRN,1996,3.632040499
GRN,1997,3.868856505
GRN,1998,3.755750324
GRN,1999,3.981135669
GRN,2000,4.04442
GRN,2001,4.003047453
GRN,2002,3.727385035
GRN,2003,3.875710681
GRN,2004,3.260555651
GRN,2005,3.536979221
GRN,2006,3.484571605
GRN,2007,3.600966219
GRN,2008,3.674951226
GRN,2009,3.495809493
GRN,2010,3.75997887
GRN,2011,3.96494992
GRN,2012,3.628534084
GRN,2013,3.49964037
GRN,2014,3.247028339
HAN,1986,4.376174994
HAN,1987,4.538912342
HAN,1988,3.844635448
HAN,1989,4.678826079
HAN,1990,4.573797029
HAN,1991,4.348879647
HAN,1992,4.316249574
HAN,1993,4.399385525
HAN,1994,4.540647765
HAN,1995,4.220526694
HAN,1996,4.702396873
HAN,1997,4.401240056
HAN,1998,4.41088206
HAN,1999,4.507732912
HAN,2000,4.429448852
HAN,2001,4.610903991
HAN,2002,4.251183343
HAN,2003,4.417831962
HAN,2004,4.124963072
HAN,2005,4.540001467
HAN,2006,4.407713573
HAN,2007,4.214735748
HAN,2008,4.413575078
HAN,2009,4.257800671
HAN,2010,4.319700481
HAN,2011,4.171406587
HAN,2012,4.06640566
HAN,2013,3.858155162
HAN,2014,4.347059202
HAR,1981,3.690352964
HAR,1982,3.874676337
HAR,1983,3.844752794
HAR,1984,4.140849649
HAR,1985,3.995605534
HAR,1986,3.818396049
HAR,1987,3.829359131
HAR,1988,3.837880888
HAR,1989,3.730521389
HAR,1990,3.665847968
HAR,1991,3.641059603
HAR,1992,3.491899926
HAR,1993,3.338736757
HAR,1994,3.652862192
HAR,1995,3.870386596
HAR,1996,3.53349659
HAR,1997,3.531010359
HAR,1998,3.750340783
HAR,1999,3.035897369
HAR,2000,3.658830527
HAR,2001,3.715192232
HAR,2002,3.869870995
HAR,2003,3.632159537
HAR,2005,3.416945395
HAR,2006,3.907871286
HAR,2007,3.380473887
HAR,2008,3.727836346
HAR,2009,3.557270124
HAR,2010,3.306681837
HAR,2011,3.078895115
HAR,2012,3.751454237
HAR,2013,3.290336864
HAR,2014,3.203911233
HAR,2015,3.315848987
HOK,1985,4.886493792
HOK,1986,4.771193847
HOK,1987,4.475306722
HOK,1989,4.534365504
HOK,1990,4.715660192
HOK,1991,4.563161771
HOK,1992,4.59184796
HOK,1993,4.413972408
HOK,1994,4.355405096
HOK,1995,4.171434779
HOK,1996,3.834794576
HOK,1997,3.842425832
HOK,1998,4.13233188
HOK,1999,4.699722134
HOK,2000,4.646439248
HOK,2001,4.102400675
HOK,2002,4.117476849
HOK,2003,4.219865136
HOK,2004,4.320668908
HOK,2005,4.457462473
HOK,2006,3.896103243
HOK,2007,3.917226291
HOK,2008,3.979050987
HOK,2009,4.084303289
HOK,2010,3.906034779
HOK,2011,3.794965138
HOK,2012,3.942289241
HOK,2013,3.652049159
KLM,1979,5.899652127
KLM,1980,5.155716549
KLM,1981,5.534403182
KLM,1983,5.483471074
KLM,1984,5.19917053
KLM,1985,5.190418621
KLM,1986,5.146414246
KLM,1987,5.061188519
KLM,1988,5.363182076
KLM,1989,5.703476483
KLM,1990,5.370927728
KLM,1991,5.532745167
KLM,1992,5.18518648
KLM,1993,5.375687096
KLM,1994,5.092045135
KLM,1995,5.247869737
KLM,1996,5.17321718
KLM,1997,5.051449645
KLM,1998,5.094750374
KLM,1999,5.095049581
KLM,2000,5.041016193
KLM,2001,5.085752104
KLM,2002,5.062410671
KLM,2003,4.852689473
KLM,2004,5.123454869
KLM,2005,4.731060264
KLM,2006,4.739653344
KLM,2007,4.737257816
KLM,2008,4.859552482
KLM,2009,4.582977836
KLM,2010,4.977357917
KLM,2011,4.661995438
KLM,2012,4.828339013
KLM,2013,4.662026295
KLM,2014,4.73014254
KLY,1999,5.184877622
KLY,2000,4.961998032
KLY,2001,5.362484364
KLY,2002,5.154060414
KLY,2003,5.206554
KLY,2004,5.002125826
KLY,2006,4.644678654
KLY,2007,4.673377249
KLY,2008,4.814840519
KLY,2009,4.563599151
KLY,2010,4.841597223
KLY,2011,4.689236586
KLY,2012,5.075222802
KLY,2013,4.816777537
KLY,2014,4.552365273
LRH,1976,3.78891843
LRH,1977,4.011186248
LRH,1978,3.604945559
LRH,1979,3.363026645
LRH,1980,3.28825687
LRH,1981,3.395309841
LRH,1982,3.367135151
LRH,1983,3.373848113
LRH,1984,3.365655959
LRH,1985,3.511035044
LRH,1986,3.72168906
LRH,1987,3.35970825
LRH,1988,3.174560217
LRH,1989,3.214992862
LRH,1990,3.033876159
LRH,1991,3.285714286
LRH,1992,3.478058751
LRH,1993,3.275229155
LRH,1994,3.287181173
LRH,1995,3.32718476
LRH,1996,3.18601726
LRH,1997,3.497228747
LRH,1998,3.376663605
LRH,1999,3.461024321
LRH,2000,3.742567356
LRH,2001,3.751809278
LRH,2002,3.38740266
LRH,2003,3.400714311
LRH,2004,3.053951368
LRH,2005,3.284282117
LRH,2006,3.144746985
LRH,2007,3.172665024
LRH,2008,3.102362756
LRH,2009,3.088711197
LRH,2010,3.158019723
LRH,2011,3.241945738
LRH,2012,3.13564526
LRH,2013,3.088374974
LRH,2014,2.900063131
LRW,1977,3.951841614
LRW,1978,4.074428126
LRW,1979,3.843943341
LRW,1982,4.12785143
LRW,1983,4.103425092
LRW,1984,4.174760352
LRW,1985,4.087852664
LRW,1986,4.024491133
LRW,1987,3.866224351
LRW,1988,4.167060196
LRW,1989,3.520956162
LRW,1990,4.082518514
LRW,1991,4.285155645
LRW,1992,4.306506194
LRW,1993,4.059689209
LRW,1994,4.216204493
LRW,1996,4.502262443
LRW,1997,4.526828651
LRW,1998,4.51820661
LRW,1999,4.814096929
LRW,2000,4.252045805
LRW,2001,4.462861541
LRW,2002,4.28649852
LRW,2003,4.339610917
LRW,2004,4.227805516
LRW,2005,4.554578474
LRW,2006,4.333566524
LRW,2007,4.548938903
LRW,2008,4.518229611
LRW,2009,4.287446821
LRW,2010,4.273630725
LRW,2011,4.042285416
LRW,2012,4.111869107
LRW,2013,4.038849689
LRW,2014,4.342552552
LYF,1984,3.536855354
LYF,1986,3.934186554
LYF,1987,3.502354699
LYF,1988,3.228641034
LYF,1989,3.610443313
LYF,1994,4.189001909
LYF,1998,3.187385542
LYF,1999,3.36751471
LYF,2001,3.293100516
LYF,2002,2.728513972
LYF,2003,3.156263077
LYF,2004,2.547001648
LYF,2005,2.948200966
LYF,2006,2.683452846
LYF,2007,2.673761997
LYF,2008,2.91257341
LYF,2009,3.136794051
LYF,2010,3.161850896
LYF,2011,3.420017965
LYF,2012,3.313931263
LYF,2013,3.136698724
LYF,2014,3.034903626
LYY,1984,4.466378297
LYY,1986,4.227109339
LYY,1987,4.088005221
LYY,1988,4.226107323
LYY,1991,4.07622622
LYY,1992,4.059336448
LYY,1993,4.328290634
LYY,1994,4.065431286
LYY,1995,3.902400952
LYY,1996,3.98289006
LYY,1997,3.845790384
LYY,1998,3.991566194
LYY,1999,4.110259279
LYY,2000,3.866441738
LYY,2001,3.49696975
LYY,2002,3.813875724
LYY,2003,3.660225693
LYY,2004,3.35724609
LYY,2005,3.729955157
LYY,2006,3.417608383
LYY,2007,3.830335327
LYY,2008,3.652508788
LYY,2009,3.858522957
LYY,2010,3.756181664
LYY,2011,4.022701467
LYY,2012,3.864938122
LYY,2013,3.851877623
MSH,2008,3.753506381
MSH,2009,3.856585057
MSH,2010,3.441284688
MSH,2011,3.90960899
MSH,2012,3.556077354
MSH,2013,3.81442843
MSH,2014,3.901819865
MSH,2015,3.802384415
NAN,1979,3.657016367
NAN,1980,3.480606869
NAN,1982,3.965253648
NAN,1987,4.131693022
NAN,1988,3.280476776
NAN,1989,3.579451231
NAN,1990,2.928732907
NAN,1991,3.704598572
NAN,1992,2.911520257
NAN,1993,2.618589241
NAN,1994,3.068467368
NAN,1995,3.085838375
NAN,1996,3.011249457
NAN,1997,2.947616726
NAN,1999,2.959693331
NAN,2000,3.195764026
NAN,2001,3.006171463
NAN,2002,3.087817004
NAN,2004,2.684603399
NIC,1985,3.972368523
NIC,1986,4.237837838
NIC,1987,4.037396102
NIC,1988,4.050631873
NIC,1989,4.013011641
NIC,1990,4.060811125
NIC,1991,4.005207742
NIC,1992,4
NIC,1993,4.04049949
NIC,1994,4.120603015
NIC,1995,4.009285139
NIC,1996,4.081400666
NIC,1997,4.080593468
NIC,1998,4.031343494
NIC,1999,4.096252175
NIC,2000,3.975984677
NIC,2001,4.119564688
NIC,2002,4.150052476
NIC,2003,4
NIC,2004,4.058891429
NIC,2005,4.095322154
NIC,2006,4.019000183
NIC,2007,4.020495253
NIC,2008,4.021522752
NIC,2009,3.997129013
NIC,2010,4.011439727
NIC,2011,4.032941998
NIC,2012,4.031870807
NIC,2013,3.989419079
NIC,2014,4.055246003
NIS,1979,4.164780623
NIS,1980,3.84603547
NIS,1981,3.184763317
NIS,1982,3.778432277
NIS,1983,3.659539856
NIS,1984,4.570795428
NIS,1985,3.872241295
NIS,1986,3.908220538
NIS,1987,3.919927748
NIS,1988,3.930392071
NIS,1989,3.649335839
NIS,1990,3.49020086
NIS,1991,3.253173903
NIS,1992,3.262268826
NIS,1993,3.392259964
NIS,1994,3.699166784
NIS,1995,3.109258188
NIS,1996,3.135937987
NIS,1997,3.54863311
NIS,1998,3.572101073
NIS,1999,3.60757059
NIS,2000,3.568994559
NIS,2001,3.335336729
NIS,2002,3.325314622
NIS,2003,3.407556725
NIS,2004,3.027878148
NIS,2005,3.183112147
NIS,2006,3.207149742
NIS,2007,3.159793133
NIS,2008,3.32425953
NIS,2009,3.416531857
NIS,2010,3.164569355
NIS,2011,3.433010554
NIS,2012,3.381019443
NIS,2013,3.100852014
NIS,2014,2.837301783
NKS,1981,3.897101411
NKS,1982,4.715909091
NKS,1984,3.800729794
NKS,1986,4.1875
NKS,1987,3.55314596
NKS,1988,3.896593827
NKS,1989,3.767078771
NKS,1990,3.695367846
NKS,1992,3.6415943
NKS,1993,3.547062192
NKS,1994,3.656757939
NKS,1995,3.626691149
NKS,1996,3.941212793
NSA,1979,4.950878902
NSA,1980,5.007338719
NSA,1981,5.455681604
NSA,1982,5.545638653
NSA,1983,5.145573698
NSA,1984,5.096778754
NSA,1985,5.208600007
NSA,1986,5.034272498
NSA,1987,4.923776037
NSA,1988,5.582450974
NSA,1989,5.091312854
NSA,1990,5.328121292
NSA,1991,5.011209524
NSA,1992,5.424623448
NSA,1993,5.372039304
NSA,1994,5.067326623
NSA,1995,4.829135283
NSA,1996,4.818147011
NSA,1997,4.982372775
NSA,1998,4.818659863
NSA,1999,5.192063918
NSA,2000,5.133983664
NSA,2001,5.038572987
NSA,2002,5.016141606
NSA,2003,5.123219252
NSA,2004,4.925132128
NSA,2005,5.318083914
NSA,2006,5.157555442
NSA,2007,5.004801533
NSA,2008,5.10076061
NSA,2009,5.021303908
NSA,2010,4.853261727
NSA,2011,4.758753647
NSA,2012,4.843295339
NSA,2013,4.632597
NSA,2014,4.507442978
NSF,1988,3.773809446
NSF,1989,3.850538108
NSF,1992,3.525672939
NSF,1993,3.747177676
NSF,1994,3.769564128
NSF,1995,3.976157083
NSF,1996,3.500294019
NSF,1997,4.023129646
NSF,1998,3.837291432
NSF,1999,3.714327467
NSF,2000,3.695675949
NSF,2001,3.841744837
NSF,2002,4.018503587
NSF,2003,3.845194231
NSF,2004,3.663414445
NSF,2005,3.611396179
NSF,2006,3.710634261
NSF,2007,3.478025222
NSF,2008,3.60800098
NSF,2009,3.838393632
NSF,2010,3.709561546
NSF,2011,3.668789286
NSF,2012,3.563751031
NSF,2013,3.357014531
NSF,2014,3.393710583
PHI,2009,4.329639971
PHI,2010,4.438302195
PHI,2011,4.019034898
PHI,2012,4.348021454
PHI,2013,4.143552562
PHI,2014,3.951778571
PHI,2015,4.141473237
PPS,1975,3.358562577
PPS,1976,3.259675723
PPS,1977,3.382998586
PPS,1978,3.588018581
PPS,1979,3.381289139
PPS,1980,3.39518307
PPS,1981,3.125271043
PPS,1982,3.683687459
PPS,1983,3.652808033
PPS,1984,3.746617446
PPS,1985,3.296296296
PPS,1986,3.896549743
PPS,1987,3.336642753
PPS,1988,3.462693474
PPS,1989,3.341671755
PPS,1990,3.224538701
PPS,1991,3.313758179
PPS,1992,3.266666667
PPS,1993,3.178621944
PPS,1994,3.58490566
PPS,1996,3.359256652
PPS,1997,3.729318759
PPS,1998,3.149054965
PPS,1999,3.269937491
PPS,2000,3.37034824
PPS,2001,3.483364673
PPS,2002,3.152199111
PPS,2003,3.21552434
PPS,2004,2.422834589
PPS,2005,3.049633245
PPS,2006,3.397104902
PPS,2007,3.044623886
PPS,2008,3.329433484
PPS,2009,2.996879106
PPS,2010,3.562193353
PPS,2011,3.219610114
PPS,2012,3.434447301
PPS,2013,3.16894933
PPS,2014,3.209775581
PPS,2015,3.387956596
QUE,1977,4.671641791
QUE,1978,4.440219272
QUE,1979,4.487966815
QUE,1980,4.789976928
QUE,1981,4.688698971
QUE,1982,4.894543787
QUE,1983,4.539136411
QUE,1985,4.546015976
QUE,1986,4.540837356
QUE,1987,4.476401669
QUE,1988,4.533432709
QUE,1989,4.717718115
QUE,1990,4.663020507
QUE,1991,4.836904466
QUE,1992,4.621667018
QUE,1993,4.476813499
QUE,1994,4.91187708
QUE,1995,4.466543293
QUE,1996,4.427152701
QUE,1997,4.466936322
QUE,1998,4.582218404
QUE,1999,4.69567098
QUE,2000,4.4847886
QUE,2001,4.250092107
QUE,2002,4.515168461
QUE,2003,4.638889055
QUE,2004,4.533104695
QUE,2005,4.609129917
QUE,2006,4.334049571
QUE,2007,4.332793144
QUE,2008,4.216152765
QUE,2009,4.541910909
QUE,2010,4.415831609
QUE,2011,4.293089641
QUE,2012,4.331605405
QUE,2013,4.410968678
QUE,2014,4.335217946
QUI,1974,4.767762632
QUI,1975,4.519010456
QUI,1976,4.657391036
QUI,1977,4.719616058
QUI,1978,4.763934874
QUI,1979,4.801030214
QUI,1980,4.472031237
QUI,1981,4.752970189
QUI,1982,4.446548311
QUI,1983,4.487064264
QUI,1984,4.484686337
QUI,1985,4.528037856
QUI,1986,4.12365236
QUI,1987,4.368216807
QUI,1988,4.253908274
QUI,1989,4.685410723
QUI,1990,4.011157308
QUI,1991,4.193153722
QUI,1992,4.277788764
QUI,1993,4.098691037
QUI,1994,4.184360301
QUI,1995,3.971949671
QUI,1996,4.074262116
QUI,1997,4.24148824
QUI,1998,4.125434763
QUI,1999,4.383682397
QUI,2000,4.295482844
QUI,2001,4.332085481
QUI,2002,4.11590561
QUI,2003,4.017031122
QUI,2004,4.155425132
QUI,2005,4.280477043
QUI,2006,4.171283013
QUI,2007,4.233301651
QUI,2008,4.295123256
QUI,2009,4.111840689
QUI,2010,4.068267466
QUI,2011,4.176439618
QUI,2012,4.060322248
QUI,2013,4.021417913
QUI,2014,3.920663088
RBT,1973,4.126014866
RBT,1974,3.71557428
RBT,1975,3.836900752
RBT,1976,3.825970374
RBT,1977,3.729649604
RBT,1978,4.119062254
RBT,1979,4.209947513
RBT,1980,4.05586213
RBT,1981,3.930754927
RBT,1982,3.863222909
RBT,1983,3.824662084
RBT,1984,3.90802724
RBT,1985,4.000440503
RBT,1986,4.1525637
RBT,1987,4.086436692
RBT,1988,4.011950664
RBT,1989,4.094447916
RBT,1990,4.202608969
RBT,1991,3.952778422
RBT,1992,3.653136531
RBT,1993,3.733560443
RBT,1994,4.062161485
RBT,1995,4.006590504
RBT,1996,4.020560947
RBT,1997,4.196455851
RBT,1998,3.825898509
RBT,1999,4.274707772
RBT,2000,3.921138133
RBT,2001,3.747862507
RBT,2002,4.004362936
RBT,2003,3.956539345
RBT,2004,4.026570376
RBT,2005,3.645733678
RBT,2006,3.92704379
RBT,2007,4.022670555
RBT,2008,3.870784877
RBT,2009,3.94496448
RBT,2010,3.844435484
RBT,2011,3.801068647
RBT,2012,3.818175928
RBT,2013,3.798900357
RBT,2014,3.571290027
RBT,2015,3.800312407
SAM,1974,3.963054172
SAM,1975,3.913141979
SAM,1979,3.833246258
SAM,1985,3.760153416
SAM,1986,3.857622118
SAM,1987,3.984136963
SAM,1988,3.841052824
SAM,1989,3.790317137
SAM,1990,3.757176205
SAM,1991,3.723654677
SAM,1992,3.585303847
SAM,1993,3.450022129
SAM,1994,3.413264147
SAM,1995,3.663905878
SAM,1996,3.678794945
SAM,1997,3.780479231
SAM,1998,3.597540213
SAM,1999,3.77152231
SAM,2000,3.948520792
SAM,2001,3.714091886
SAM,2002,3.759635534
SAM,2003,3.596864964
SAM,2004,3.234380097
SAM,2005,3.307992801
SAM,2006,3.340633941
SAM,2007,3.326406146
SAM,2008,3.519878144
SAM,2009,3.253407339
SAM,2010,3.337409895
SAM,2011,3.32931661
SAM,2012,3.548434088
SAM,2013,3.279780018
SAM,2014,3.067258696
SHU,1978,3.900238881
SHU,1979,4.492524209
SHU,1984,3.94944822
SHU,1985,3.977708303
SHU,1986,4.10767595
SHU,1987,4.218223214
SHU,1988,4.09680511
SHU,1989,4.107142857
SHU,1990,3.847408838
SHU,1991,4.103783242
SHU,1992,3.828598359
SHU,1993,3.683205145
SHU,1994,3.826698642
SHU,1995,3.886346863
SHU,1996,3.731101666
SHU,1997,3.953970466
SHU,1998,3.533915647
SHU,1999,3.90590209
SHU,2000,3.606379311
SHU,2001,3.832928238
SHU,2002,3.865249392
SHU,2003,3.602423167
SHU,2004,3.59372236
SHU,2005,3.374025271
SHU,2006,3.559596954
SHU,2007,3.699477921
SHU,2008,3.641289804
SHU,2009,3.508731837
SHU,2010,3.35492746
SHU,2011,3.770310754
SHU,2012,3.409521889
SHU,2013,3.891849363
SHU,2014,3.675317664
SHU,2015,3.797447474
SKF,1985,3.611014818
SKF,1993,3.535359358
SKF,1994,3.40324983
SKF,1995,3.847971397
SKF,1996,3.319040903
SKF,1997,3.674141947
SKF,1998,3.658483073
SKF,1999,4.08392397
SKF,2000,3.992666674
SKF,2001,3.712498951
SKF,2002,3.694882259
SKF,2003,3.713148072
SKF,2004,3.572695347
SKF,2005,3.925620607
SKF,2006,3.760881738
SKF,2007,3.673749039
SKF,2008,3.840336051
SKF,2009,3.836143282
SKF,2010,3.850511418
SKF,2011,4.003821756
SKF,2012,3.846366825
SKF,2013,3.541686023
SKF,2014,3.562603279
SKS,1981,4.042054059
SKS,1982,4.317042164
SKS,1983,4.185310257
SKS,1984,4.157152054
SKS,1985,3.920286733
SKS,1986,4.159169272
SKS,1987,3.781548836
SKS,1990,4.108873884
SKS,1993,3.805271209
SKS,1994,4.339532715
SKS,1995,3.995469855
SKS,1996,3.696907891
SKS,1997,3.992455135
SKS,1998,3.908383462
SKS,1999,4.423648044
SKS,2000,4.111424648
SKS,2001,3.843558779
SKS,2002,3.774857208
SKS,2003,3.9506246
SKS,2004,3.861202473
SKS,2005,4.294612323
SKS,2006,3.845417636
SKS,2007,4.000228069
SKS,2008,3.931262423
SKS,2009,4.113497886
SKS,2010,4.064208426
SKY,2000,4.079422183
SKY,2001,4.14243323
SKY,2002,3.823117106
SKY,2003,3.849806232
SKY,2004,3.657231676
SKY,2005,3.87065046
SKY,2006,3.765645971
SKY,2007,3.962329031
SKY,2008,3.842810198
SKY,2009,3.961132526
SKY,2010,3.881027024
SKY,2011,3.784290344
SKY,2012,3.747590931
SKY,2013,3.619662699
SKY,2014,3.734573323
SMK,1989,5.108156427
SMK,1990,5.244576442
SMK,1991,4.938232294
SMK,1992,4.910737672
SMK,1993,4.798487318
SMK,1994,4.960330708
SMK,1995,4.930676321
SMK,1997,4.645635045
SMK,1999,5.167114198
SMK,2000,5.12741836
SMK,2002,4.776682553
SMK,2003,4.74865441
SMK,2004,4.443035693
SMK,2005,4.58184456
SMK,2006,4.640656117
SMK,2007,4.805922455
SMK,2008,4.301239613
SMK,2009,4.62931726
SMK,2010,4.742246447
SMK,2011,4.544059973
SMK,2012,4.595702334
SMK,2013,4.196071747
SOO,1985,4.357141822
SOO,1986,4.054528402
SOO,1987,4.127729394
SOO,1989,3.928666937
SOO,1990,4.097419032
SOO,1991,3.954160599
SOO,1992,4.031647618
SOO,1993,3.960461734
SOO,1994,4.450638929
SOO,1995,3.704039238
SOO,1996,3.926780341
SOO,1997,3.997215166
SOO,1998,4.179658304
SOO,1999,4.140380368
SOO,2000,3.949647854
SOO,2001,4.378622308
SOO,2002,3.919261998
SOO,2003,3.466191231
SOO,2004,4.159347553
SOO,2005,4.006826991
SOO,2006,3.741069106
SOO,2007,3.87790282
SOO,2008,3.794342807
SOO,2009,3.628765629
SOO,2010,3.832594676
SOO,2011,3.895873173
SOO,2012,3.732820177
SOO,2013,3.823473494
SPR,1972,3.620943614
SPR,1973,3.222782587
SPR,1974,3.382580948
SPR,1975,3.325349155
SPR,1976,3.506454092
SPR,1977,3.252126606
SPR,1978,3.379572902
SPR,1979,3.029161683
SPR,1980,3.426570059
SPR,1981,3.183116328
SPR,1982,3.152144226
SPR,1983,2.943223799
SPR,1984,3.266828436
SPR,1985,3.651416232
SPR,1986,3.309830415
SPR,1987,3.408123899
SPR,1988,3.087847631
SPR,1989,3.309523193
SPR,1990,3.235263582
SPR,1991,3.217032956
SPR,1992,2.992063568
SPR,1993,3.16821428
SPR,1994,3.116663719
SPR,1995,3.266655126
SPR,1996,2.884136641
SPR,1997,3.570129908
SPR,1998,3.078801231
SPR,1999,3.402394884
SPR,2000,3.409834597
SPR,2001,3.277869817
SPR,2002,3.019033216
SPR,2003,3.140535216
SPR,2004,2.930316288
SPR,2005,3.029356899
SPR,2006,3.132124874
SPR,2007,2.825916846
SPR,2008,3.065477986
SPR,2009,3.126190055
SPR,2010,3.211985777
SPR,2011,3.053050183
SPR,2012,3.044197764
SPR,2013,2.718336768
SPR,2014,2.762880698
SPS,1971,4.25294174
SPS,1972,4.14765671
SPS,1973,4.097073639
SPS,1974,4.138005842
SPS,1975,4.154107929
SPS,1978,4.107656707
SPS,1979,3.935413965
SPS,1980,3.721901686
SPS,1981,3.548133874
SPS,1982,4.033274477
SPS,1983,3.648938777
SPS,1984,3.728522414
SPS,1985,3.864170963
SPS,1986,3.789931512
SPS,1987,3.93138672
SPS,1988,3.92135192
SPS,1989,3.775675622
SPS,1990,3.778921802
SPS,1991,3.700955107
SPS,1992,3.472448031
SPS,1993,3.347758396
SPS,1994,3.709572265
SPS,1995,3.542108329
SPS,1996,3.361938239
SPS,1997,3.662465362
SPS,1998,3.490949952
SPS,1999,3.77274297
SPS,2000,3.856546074
SPS,2001,3.896796483
SPS,2002,3.656654758
SPS,2003,3.514245965
SPS,2004,3.258549561
SPS,2005,3.443946604
SPS,2006,3.35207465
SPS,2007,3.465238966
SPS,2008,3.502482771
SPS,2009,3.442045794
SPS,2010,3.507051945
SPS,2011,3.319743409
SPS,2012,3.504353073
SPS,2013,3.339941569
SPS,2014,3.134930925
SPY,1978,4.432173369
SPY,1979,3.870860277
SPY,1980,3.852773282
SPY,1981,3.574283086
SPY,1986,3.743417739
SPY,1987,3.893833019
SPY,1988,3.66359447
SPY,1989,3.391210303
SPY,1990,4.351153419
SPY,1991,3.713883219
SPY,1992,4.327253441
SPY,1993,4.000775661
SPY,1994,3.874141876
SPY,1995,3.715473288
SPY,1996,4.72972973
SPY,1997,3.864801209
SPY,1999,4.271111111
SPY,2000,3.887640449
SPY,2002,3.661127402
SPY,2003,3.314917127
SPY,2004,3.031876908
SPY,2005,2.999149908
SPY,2006,3.245537993
SPY,2007,3.834707661
SPY,2008,3.546457806
SPY,2010,3.137456184
SPY,2011,4.069558591
SPY,2012,2.411764706
SPY,2013,2.677419355
SQP,1986,3.994335298
SQP,1987,3.487953023
SQP,1988,4.018398393
SQP,1989,3.476523529
SQP,1990,3.557714796
SQP,1992,4.74386921
SQP,1993,4.183112533
SQP,1994,4.411637987
SQP,1995,3.727959698
SQP,1997,4.053450175
SRH,1976,4.430394461
SRH,1977,3.687158473
SRH,1978,3.962878647
SRH,1979,4.429097144
SRH,1980,4.157770852
SRH,1982,4.705134183
SRH,1983,4.425034554
SRH,1984,4.207837719
SRH,1985,4.413468854
SRH,1986,4.40052115
SRH,1987,4.19685998
SRH,1988,4.214158774
SRH,1989,4.387081644
SRH,1990,4.204526945
SRH,1991,4.201340348
SRH,1992,3.850445522
SRH,1993,4.033902593
SRH,1994,4.322779119
SRH,1995,4.140364211
SRH,1996,3.826989481
SRH,1997,3.955890732
SRH,1998,4.10872592
SRH,1999,4.082765345
SRH,2000,4.284350189
SRH,2001,4.241462185
SRH,2002,4.231669817
SRH,2003,3.968236629
SRH,2004,4.429933058
SRH,2005,4.077175635
SRH,2006,4.155651899
SRH,2007,3.832979962
SRH,2008,3.655691993
SRH,2009,4.168005787
SRH,2010,4.017153871
SRH,2011,3.868299352
SRH,2012,3.668058469
SRH,2013,3.880699656
SRH,2014,3.95502776
SSA,1976,4.709861716
SSA,1977,4.941133621
SSA,1978,5.35867201
SSA,1979,4.564354732
SSA,1980,4.804501109
SSA,1981,4.926789319
SSA,1982,5.060303485
SSA,1983,5.025934088
SSA,1984,5.074943696
SSA,1985,4.907674794
SSA,1986,5.023352569
SSA,1987,5.154855436
SSA,1988,5.289621091
SSA,1989,5.15978892
SSA,1990,5.175729787
SSA,1991,5.172085016
SSA,1992,5.142902824
SSA,1993,5.333331695
SSA,1994,5.173651481
SSA,1995,4.817132542
SSA,1996,4.927000739
SSA,1997,4.963832039
SSA,1998,4.943257329
SSA,1999,4.932519482
SSA,2000,4.65345076
SSA,2001,4.927438312
SSA,2002,4.961640249
SSA,2003,4.799180507
SSA,2004,4.734432887
SSA,2005,4.700060116
SSA,2006,4.636083882
SSA,2007,4.622418028
SSA,2008,4.875477206
SSA,2009,4.803913903
SSA,2010,4.695878545
SSA,2011,4.716305226
SSA,2012,4.789420182
SSA,2013,4.57690008
SSA,2014,4.436184514
SSF,1994,4.325123735
SSF,1995,3.638053171
SSF,1996,3.868692744
SSF,1997,4.116816916
SSF,1998,4.116430786
SSF,1999,4.420236717
SSF,2000,4.327628512
SSF,2001,4.290247211
SSF,2002,4.149432398
SSF,2003,3.94509714
SSF,2004,3.762724616
SSF,2005,3.858493971
SSF,2006,3.825884103
SSF,2007,4.020929008
SSF,2008,3.929691256
SSF,2009,3.99999854
SSF,2010,3.830889493
SSF,2011,4.085983985
SSF,2012,4.015215837
SSF,2013,3.886687223
SSF,2014,4.012040357
STL,1980,3.974358974
STL,1981,3.910526316
STL,1982,4.207924986
STL,1983,3.976926627
STL,1986,3.936294775
STL,1987,3.916975631
STL,1988,3.475975487
STL,1989,3.678312787
STL,1990,3.517564382
STL,1991,3.734313772
STL,1992,3.698582983
STL,1993,3.688566561
STL,1994,3.846719126
STL,1995,3.486760033
STL,1996,3.579349906
STL,1997,3.664415064
STL,1998,3.644420434
STL,2002,3.505214218
STL,2003,3.613127102
STL,2004,3.43395735
STL,2005,3.564966756
STL,2006,3.760589949
STL,2007,3.665786455
STL,2008,3.619547851
STL,2009,3.461675169
STL,2010,3.569382765
STL,2011,3.629756329
STL,2012,3.801179167
STL,2013,3.629891873
STL,2014,3.497793038
SUM,1975,4.592313743
SUM,1976,4.581100745
SUM,1977,3.850194602
SUM,1983,4.369316966
SUM,1984,4.609742577
SUM,1985,4.494023139
SUM,1986,4.671074934
SUM,1987,4.394100843
SUM,1988,4.592007641
SUM,1989,4.053070996
SUM,1990,4.414708121
SUM,1991,5
SUM,1992,4.683494609
SUM,1993,4.575831034
SUM,1994,4.5751077
SUM,1995,4.658212564
SUM,1996,4.40522273
SUM,1997,4.713473036
SUM,1998,4.866336959
SUM,1999,4.783388101
SUM,2000,4.825712087
SUM,2001,4.630777203
SUM,2002,4.673052745
SUM,2003,4.588284292
SUM,2004,4.239727525
SUM,2005,4.091485624
SUM,2006,4.346410603
SUM,2007,4.324869063
SUM,2008,4.319048662
SUM,2009,4.443884541
SUM,2010,4.355762025
SUM,2011,4.494068323
SUM,2012,4.240815093
SUM,2013,4.269514722
SUM,2014,4.425893482
TST,1975,4.800944943
TST,1976,4.853812386
TST,1977,4.555941865
TST,1978,4.666990122
TST,1979,5.082863624
TST,1980,5.004826106
TST,1981,4.829010348
TST,1991,5.099390143
TST,1992,5.027936856
TST,1993,5.009076422
TST,1994,4.965588715
TST,1995,4.858748113
TST,1996,5.069578143
TST,1997,5.068783993
TST,1998,5.111233915
TST,1999,4.935195471
TST,2000,5.018458321
TST,2001,4.907402322
TST,2002,5.192979831
TST,2003,4.914656338
TST,2004,4.954830674
TST,2005,4.823214421
TST,2006,5.098707439
TST,2007,4.942690469
TST,2008,5.083011454
TST,2009,4.811881217
TST,2010,4.794162663
TST,2011,4.703909426
TST,2012,4.651406858
TST,2013,4.569406529
TST,2014,4.734087351
UNU,1982,4.888227971
UNU,1983,5.188483848
UNU,1984,5.117104547
UNU,1985,5.283184626
UNU,1986,5.344227338
UNU,1992,5.190515433
UNU,1993,5.275522863
UNU,1994,5.119787687
UNU,1995,5.128781915
UNU,1996,5.053894475
UNU,1997,5.205953351
UNU,1998,4.982416798
UNU,1999,5.284313047
UNU,2000,5.069678527
UNU,2001,5.191308863
UNU,2002,4.87796084
UNU,2003,4.983451407
UNU,2004,4.949105255
UNU,2005,4.930537792
UNU,2006,4.993840487
UNU,2007,4.970836443
UNU,2008,4.960028476
UNU,2009,4.9410192
UNU,2010,4.880652825
UNU,2011,4.834110078
UNU,2012,4.982977918
UNU,2013,4.609411061
URB,1975,4.072912506
URB,1976,4.300842367
URB,1977,3.759581272
URB,1978,3.828195356
URB,1979,3.586286698
URB,1980,4.136377079
URB,1981,3.982458519
URB,1982,3.888142012
URB,1983,3.905278139
URB,1984,3.850101227
URB,1985,4.316426904
URB,1986,3.928581553
URB,1987,3.724629791
URB,1988,4.177943281
URB,1989,4.174250474
URB,1990,4.212568305
URB,1991,4.370882609
URB,1992,3.830359034
URB,1993,3.77610045
URB,1994,3.997426592
URB,1995,4.11711803
URB,1996,3.718445457
URB,1997,4.03163613
URB,1998,4.077119841
URB,1999,4.077096107
URB,2000,4.149749924
URB,2001,4.03427246
URB,2002,3.801188062
URB,2003,3.726120713
URB,2004,3.730858115
URB,2005,3.626525826
URB,2006,3.702244341
URB,2007,3.708119999
URB,2008,3.418218604
URB,2009,3.791158707
URB,2010,3.615145182
URB,2011,3.841743359
URB,2012,3.479263816
URB,2013,3.514495678
URB,2014,3.666495838
UWA,1975,3.433457338
UWA,1976,3.320654683
UWA,1977,3.19100287
UWA,1978,3.086578567
UWA,1979,3.419274028
UWA,1980,3.119355128
UWA,1981,2.783157195
UWA,1982,3.333630089
UWA,1983,3.702994635
UWA,1984,3.605271723
WRY,1974,3.761904762
WRY,1975,3.615384615
WRY,2002,3.390988323
WRY,2003,3.471308695
WRY,2004,3.110601321
WRY,2005,4.029231073
WRY,2006,3.529337518
WRY,2007,3.692760024
WRY,2008,3.402992981
WRY,2009,3.35749754
WRY,2010,3.599213935
WRY,2011,3.747568217
WRY,2012,3.372883529
WRY,2013,2.912315288
WSH,1975,4.534857294
WSH,1976,4.37456056
WSH,1977,4.255022448
WSH,1978,4.2240456
WSH,1979,4.547323328
WSH,1980,4.419930842
WSH,1981,4.391496951
WSH,1982,4.582277162
WSH,1983,4.492846383
WSH,1984,4.546151138
WSH,1985,4.584403341
WSH,1986,4.675196296
WSH,1987,4.495799846
WSH,1988,4.545261003
WSH,1989,4.495429987
WSH,1990,4.444944984
WSH,1991,4.49138398
WSH,1992,4.498445755
WSH,1993,4.499428801
WSH,1994,4.307253456
WSH,1995,4.510328184
WSH,1996,4.635990995
WSH,1997,4.354558387
WSH,1998,4.3905768
WSH,1999,4.596921199
WSH,2000,4.352081403
WSH,2001,4.501263075
WSH,2002,4.247232019
WSH,2003,4.37396472
WSH,2004,4.308833479
WSH,2005,4.314161847
WSH,2006,4.152728231
WSH,2007,4.220569965
WSH,2008,4.123876847
WSH,2009,4.269942278
WSH,2010,4.318734409
WSH,2011,4.256751597
WSH,2012,4.527023101
WSH,2013,4.288762656
