,AKB,AKS,ATN,ATS,BQR,CHI,CHK,COW,CWF,DOM,ELK,ELW,GAD,GRN,HAN,HAR,KLM,KLY,LRH,LRW,LYF,LYY,MSH,NAN,NIC,NIS,NKS,NSA,NSF,PHI,PPS,QUE,QUI,RBT,SAM,SHU,SKF,SKS,SKY,SOO,SPR,SPS,SPY,SQP,SRH,SSA,SSF,STI,STL,SUM,TAK,TST,UNU,URB,UWA,WRY,WSH
Brood_Year,Alaska Hatchery Springs - Behm Canal,Alaska Spring,Atnarko River,Atnarko Yearling,Big Qualicum River Fall,Chilliwack River Fall,Chilkat River,Cowichan River Fall,Cowlitz Fall Tule,Dome Creek Spring,Elk River,Elwha River,George Adams Fall Fingerling,Green River,Hanford Wild Brights,Harrison River,Kitsumkalum River Summer,Kitsumkalum Yearling,Lower River Hatchery Tule,Lewis River Wild,Lyons Ferry Fingerling,Lyons Ferry Yearling,Middle Shuswap River Summer,Nanaimo River Fall,Nicola River Spring,Nisqually Fall Fingerling,Nooksack Spring Yearling,NE Alaska Spring,Nooksack Spring Fingerling,Phillips River Fall,Puntledge River Summer,Queets Fall Fingerling,Quinsam River Fall,Robertson Creek Fall,Samish Fall Fingerling,Lower Shuswap River Summer,Skagit Spring Fingerling,Skagit Spring Yearling,Skykomish Fall Fingerling,Sooes Fall Fingerling,Spring Creek Tule,South Puget Sound Fall Fingerling,South Puget Sound Fall Yearling,Squaxin Pens Fall Yearling,Salmon River,SE Alaska Spring,Skagit Summer Fingerling,Stikine River,Stillaguamish Fall Fingerling,Columbia River Summer,Taku River,Transboundary Rivers,Unuk River,Columbia River Upriver Bright,University of Washington Accelerated,White River Spring Yearling,Willamette Spring
1971,NA,NA,NA,NA,NA,NA,NA,NA,NA,NA,NA,NA,NA,0.007829404,NA,NA,NA,NA,NA,NA,NA,NA,NA,NA,NA,NA,NA,NA,NA,NA,NA,NA,NA,NA,NA,NA,NA,NA,NA,NA,NA,0.007829404,NA,NA,NA,NA,NA,NA,NA,NA,NA,NA,NA,NA,NA,NA,NA
1972,NA,NA,NA,NA,NA,NA,NA,NA,NA,NA,NA,NA,0.007952682,0.006413672,NA,NA,NA,NA,NA,NA,NA,NA,NA,NA,NA,NA,NA,NA,NA,NA,NA,NA,NA,NA,NA,NA,NA,NA,NA,NA,0.08260992,0.006413672,NA,NA,NA,NA,NA,NA,NA,NA,NA,NA,NA,NA,NA,NA,NA
1973,NA,NA,NA,NA,0.09381175,NA,NA,NA,NA,NA,NA,NA,NA,0.05490827,NA,NA,NA,NA,NA,NA,NA,NA,NA,NA,NA,NA,NA,NA,NA,NA,NA,NA,NA,0.03483041,NA,NA,NA,NA,NA,NA,0.03810815,0.05490826,NA,NA,NA,NA,NA,NA,NA,NA,NA,NA,NA,NA,NA,NA,NA
1974,NA,NA,NA,NA,0.2544448,NA,NA,NA,NA,NA,NA,NA,0.03656897,0.02644661,NA,NA,NA,NA,NA,NA,NA,NA,NA,NA,NA,NA,NA,NA,NA,NA,NA,NA,0.09112453,0.2009522,0.1446766,NA,NA,NA,NA,NA,0.06204587,0.02644661,NA,NA,NA,NA,NA,NA,NA,NA,NA,NA,NA,NA,NA,0.04029951,NA
1975,NA,NA,NA,NA,0.09349959,NA,NA,NA,NA,NA,NA,NA,0.005483896,0.09507721,NA,NA,NA,NA,NA,NA,NA,NA,NA,NA,NA,NA,NA,NA,NA,NA,0.04709329,NA,0.02134876,0.1007062,0.05696194,NA,NA,NA,NA,NA,0.02636901,0.0950779,NA,NA,NA,NA,NA,NA,NA,0.003720282,0.1555383,0.1555383,NA,0.07469223,0.09767227,0.001378571,0.03315621
1976,NA,0.2532562,NA,NA,0.2062038,NA,NA,NA,NA,NA,NA,NA,NA,NA,NA,NA,NA,NA,0.003454075,NA,NA,NA,NA,NA,NA,NA,NA,NA,NA,NA,0.127581,NA,0.09092142,0.1237521,NA,NA,NA,NA,NA,NA,0.02563296,NA,NA,NA,0.08566366,0.2532557,NA,NA,NA,0.005928072,0.02642264,0.02642263,NA,0.03261898,0.1803076,NA,0.0471748
1977,0.0290493,0.02371078,NA,NA,0.03817479,NA,NA,NA,0.01096292,NA,NA,NA,NA,NA,NA,NA,NA,NA,0.02420699,0.03156029,NA,NA,NA,NA,NA,NA,NA,NA,NA,NA,0.01931339,0.005412078,0.02625968,0.03025514,NA,NA,NA,NA,NA,NA,0.03007137,NA,NA,NA,0.05000481,0.02371158,NA,NA,NA,0.003349572,0.01822353,0.01822353,NA,0.02540808,0.09693538,NA,0.04991018
1978,0.1400107,0.06847728,NA,NA,0.02054552,NA,NA,NA,0.008056318,NA,NA,NA,0.05865942,0.01658982,NA,NA,NA,NA,0.01910189,0.007828239,NA,NA,NA,NA,NA,NA,NA,NA,NA,NA,0.02256562,0.00687568,0.04869176,0.07107807,NA,0.01205783,NA,NA,NA,NA,0.03377351,0.01549335,0.01079727,NA,0.0796025,0.06862855,NA,NA,NA,NA,0.0172653,0.01726529,NA,0.04018089,0.1208371,NA,0.02485204
1979,0.1327097,0.1846382,NA,NA,0.008875062,NA,NA,NA,0.00437437,NA,0.1056304,NA,0.009878168,0.042875,NA,NA,0.01015669,NA,0.01672311,0.01635343,NA,NA,NA,0.08188911,NA,0.01533106,NA,0.2397969,NA,NA,0.0091154,0.02654935,0.02483796,0.06509081,0.1194625,0.01142416,NA,NA,NA,NA,0.0407966,0.04412986,0.01711438,NA,0.04139004,0.157625,NA,NA,NA,NA,0.03531269,0.03531269,NA,0.02363017,0.1070191,NA,0.03399121
1980,0.156775,0.1466327,NA,NA,0.008258323,NA,NA,NA,0.01287583,NA,0.1463175,NA,0.004640666,0.003553779,NA,NA,0.0171892,NA,0.008767878,NA,NA,NA,NA,0.1362983,NA,0.007298132,NA,0.1304034,NA,NA,0.02150892,0.008451164,0.03022519,0.04942707,NA,NA,NA,NA,NA,NA,0.005733686,0.02372127,0.0169002,NA,0.05736676,0.1503982,NA,NA,0.002817818,NA,0.01871611,0.01871612,NA,0.0199968,0.02989948,NA,0.04123234
1981,0.1670181,0.1729214,NA,NA,0.01861436,0.3055078,NA,NA,0.00657306,NA,0.05400417,NA,0.03677699,0.02068013,NA,0.2396692,0.01945396,NA,0.008748812,NA,NA,NA,NA,NA,NA,0.01887185,0.02399187,0.1426159,NA,NA,0.008672439,0.006892937,0.0793086,0.0350891,NA,NA,NA,0.04004299,NA,NA,0.01057659,0.03797553,0.009540867,NA,NA,0.1782158,NA,NA,0.005141262,NA,0.1314303,0.1314303,NA,0.01913031,0.05258214,NA,0.05733208
1982,0.3087667,0.2304078,NA,NA,0.02986019,0.05026181,NA,NA,0.009313879,NA,0.01041375,0.02319214,NA,NA,NA,0.03804174,NA,NA,0.01112897,0.01889375,NA,NA,NA,0.009395273,NA,0.007810062,0.01138441,0.1626933,NA,NA,0.007485785,0.008088519,0.04232344,0.01704291,NA,NA,NA,0.01480759,NA,NA,0.03611076,0.02247579,NA,NA,0.07159735,0.2600147,NA,NA,0.01595073,NA,NA,NA,0.1324227,0.02596017,0.05602524,NA,0.009219169
1983,0.2130225,0.1524341,NA,NA,0.0263241,0.09460957,NA,NA,0.02715853,NA,0.3290277,0.01771381,NA,NA,NA,0.01069239,0.01177099,NA,0.003444374,0.01582982,NA,NA,NA,NA,NA,0.007865677,NA,0.08272023,NA,NA,0.00524503,0.04259792,0.03702437,0.001177043,NA,NA,NA,0.005783616,NA,NA,0.004013749,0.02092096,NA,NA,0.07883209,0.1602811,NA,NA,0.01322657,0.005390801,NA,NA,0.08692045,0.06058266,0.08730976,NA,0.02949925
1984,0.1403987,0.1039987,NA,NA,0.004213205,0.1309156,NA,NA,0.03540179,NA,0.1740223,0.02134581,NA,NA,NA,0.01108367,0.01708434,NA,0.09583373,0.02175352,0.02057802,0.02372334,NA,NA,NA,0.006877842,0.03601547,0.1134008,NA,NA,0.007481602,NA,0.04674226,0.0439404,NA,0.06700923,NA,0.0155864,NA,NA,0.001202198,0.0384609,NA,NA,0.09275462,0.10243,NA,NA,NA,0.006112894,NA,NA,0.0733387,0.05888181,0.0817503,NA,0.04252406
1985,0.06660475,0.05736369,NA,NA,0.004419904,0.03977364,NA,0.0267093,0.007385144,NA,0.2201522,0.005903293,0.02794885,0.007330304,NA,0.01374559,0.008208459,NA,0.005790001,0.02137351,NA,NA,NA,NA,0.03148805,0.007350447,NA,0.05819445,NA,NA,0.002251334,0.03428383,0.01273616,0.04210075,0.007558567,0.04896749,0.006685755,0.07500151,NA,NA,0.003524328,0.01034343,NA,NA,0.02087557,0.05713542,NA,NA,NA,0.02197859,NA,NA,0.01837354,0.01733157,NA,NA,0.04951059
1986,0.102239,0.1229946,0.009471605,NA,0.01308627,0.2863505,NA,NA,0.00469127,0.004247786,0.07416236,0.002929727,0.01601924,0.07765511,0.007902716,0.07224486,0.002034965,NA,0.002762021,0.02568888,0.01126813,0.04210879,NA,NA,0.00635052,0.03733829,0.000987142,0.1387975,NA,NA,0.007615292,0.02550723,0.02495061,0.09545556,0.05736988,0.04751697,NA,0.01685131,NA,NA,0.01178097,0.05306964,0.05754948,0.02197207,0.05714105,0.1221652,NA,NA,0.03668676,0.004225456,NA,NA,0.1053156,0.008408804,NA,NA,0.06339093
1987,0.04877561,0.06167221,0.01452979,NA,0.005236933,0.0690147,NA,0.03335354,0.001411789,0.01146088,0.03068872,NA,0.02914478,0.00270126,0.002056423,0.02630558,0.01611742,NA,0.003528178,0.01505435,0.000796625,0.02298136,NA,0.004783223,0.02665298,0.001143324,0.003534465,0.1010529,NA,NA,0.002203671,0.02611399,0.01261956,0.09696735,0.01561292,0.035123,NA,0.02405055,NA,NA,0.008844368,0.008019629,0.1441412,0.03430531,0.05106567,0.05694201,NA,NA,0.0261331,0.01281089,NA,NA,NA,0.001752704,NA,NA,0.04311091
1988,0.02354355,0.0438837,0.02433405,NA,0.01128464,0.2840141,NA,0.0556951,0.003479266,0.0196968,0.02523474,0.000205347,0.003505079,0.01691655,0.002728703,0.108545,0.00387322,NA,0.004194874,0.0107184,0.000948189,0.04092151,NA,0.02623599,0.01304883,0.003835561,0.01207323,0.03526884,0.002928259,NA,0.004882262,0.01190238,0.01150004,0.1297318,0.007750211,0.01348271,NA,NA,NA,NA,0.0142201,0.01275773,0.003143796,0.02024536,0.01874699,0.04447753,NA,NA,0.03599073,0.006183447,NA,NA,NA,0.004376762,NA,NA,0.03087926
1989,0.01916665,0.03204786,0.02741225,NA,0.006867232,0.2141109,NA,0.06371026,0.002591569,0.008178796,0.07250936,0.001975725,0.002239151,0.003350872,0.00633717,0.07207067,0.001422063,NA,0.01811864,0.007325332,0.003999284,NA,NA,0.04896686,0.02764533,0.002163998,0.01548189,0.05129559,0.006549578,NA,0.006750276,0.03081887,0.002251029,0.09867126,0.007389997,0.01013421,NA,NA,NA,0.08330897,0.01480709,0.004083834,0.03758799,0.008546017,0.04493053,0.02929501,NA,NA,0.03760497,0.000912622,NA,NA,NA,0.009854995,NA,NA,0.02812001
1990,0.01169506,0.04000111,0.03876349,0.02357788,0.007739825,0.065109,NA,0.06829276,0.00534531,0.0246073,0.03923546,0.003198962,0.000437611,0.01502199,0.008701407,0.02195301,0.002874434,NA,0.004406724,0.009468138,NA,NA,NA,0.05743547,0.07861934,0.01542739,0.01853625,0.06409661,NA,NA,0.002299712,0.02617481,0.006001809,0.05526686,0.02520535,0.08131247,NA,0.0270251,NA,0.01230718,0.003836769,0.01839834,0.009666822,0.0355241,0.1024137,0.03762114,NA,NA,0.06971136,0.002351793,NA,NA,NA,0.02143262,NA,NA,0.02491885
1991,0.02143664,0.04971119,0.04883919,0.04314958,0.00409605,0.01680335,NA,0.02718452,0.002101894,0.01667528,0.03669164,0.000564654,0.001294015,0.003829133,0.001797495,0.004025685,0.008648938,NA,0.000188431,0.007676356,NA,0.009586356,NA,0.006898614,0.0550387,0.006212041,NA,0.09745423,NA,NA,0.001063181,0.01006766,0.006695959,0.01092891,0.00976467,0.009022328,NA,NA,NA,0.01492325,0.004269264,0.005896777,0.02761276,NA,0.01109709,0.04727164,NA,NA,0.003542812,6.83E-05,0.2645034,0.2645034,NA,0.001555794,NA,NA,0.01736865
1992,0.01827915,0.04479036,0.02258152,0.03168011,0.001167854,0.05559522,NA,0.02560444,0.003490975,0.01752326,0.0629727,0.004800544,0.00416187,0.01389571,0.00732422,0.006471444,0.008268811,NA,0.000526353,0.007478958,NA,0.01378095,NA,0.01707738,0.000985907,0.03802999,0.004039061,0.02691056,0.002715607,NA,0.000979917,0.009625474,0.002971132,0.000276944,0.008710676,0.03228535,NA,NA,NA,0.02708529,0.004396923,0.03510055,0.02504018,0.0037866,0.04863946,0.04756937,NA,NA,0.01119178,0.01141247,0.1211836,0.1211836,0.0190524,0.00773612,NA,NA,0.01121361
1993,0.0237264,0.02863912,0.0217003,0.0579273,0.005762632,0.05443919,NA,0.01795568,0.003611375,0.02360892,0.1101744,0.004993541,0.008023416,0.01445962,0.009288623,0.02045638,0.005509194,NA,0.00063824,0.00415247,NA,0.02870591,NA,0.03900629,0.007656977,0.007762052,0.003426815,0.02305309,0.009097696,NA,0.003545724,0.02946606,0.006923925,0.0220774,0.01673992,0.02096007,0.007439101,0.01124325,NA,0.00175272,0.005609483,0.0373569,0.05078842,0.03067396,0.0968243,0.02815172,NA,NA,0.02036219,0.01344165,0.03855567,0.03855568,0.07471351,0.02600326,NA,NA,0.01306047
1994,0.02027093,0.04804265,0.03378563,NA,0.004021479,0.116809,NA,0.01742522,0.000646682,0.001395286,0.0573846,0.002009769,0.001393571,0.009148296,0.000949756,0.03781096,0.009327619,NA,0.002030629,0.001859893,0.04021931,0.01468876,NA,0.01189818,0.01072284,0.009585763,0.002217131,0.04392825,0.04602183,NA,0.001845786,0.01760976,0.00853653,0.04658973,0.02375556,0.03218033,0.01166859,0.01392884,NA,0.03673865,0.003246317,0.01205902,0.002962948,0.006530734,0.04775029,0.04582184,0.002195138,NA,0.02382138,0.000824052,0.06551018,0.06551019,0.02796185,0.002102942,NA,NA,0.01177869
1995,0.05415201,0.04391842,0.02912802,NA,0.002297795,0.03879835,NA,0.008810636,0.002283105,0.002618974,0.08303551,NA,0.002524694,0.006933983,0.004368054,0.01003783,0.004299915,NA,0.000731166,NA,NA,0.04499887,NA,0.009043216,0.05818707,0.007736198,0.001502073,0.02811319,0.008851611,NA,NA,0.005856752,0.009267841,0.004127557,0.003151445,0.02733722,0.007051464,0.03721417,NA,0.03017518,0.001497739,0.005517922,0.007024534,0.00393049,0.02317945,0.04683634,0.004376958,NA,0.01926586,0.007202398,0.1192372,0.1192373,0.07558392,0.03281187,NA,NA,0.009802721
1996,0.106118,0.1034753,0.01716793,NA,0.003843856,0.1648664,NA,0.008294011,0.001382082,0.009330862,0.01574512,NA,0.02150524,0.01064196,0.002474348,0.02324577,0.006575691,NA,0.005418796,0.001132433,NA,0.01760978,NA,0.01123026,0.04616018,0.02805316,0.00605907,0.06020145,0.03368346,NA,0.004286242,0.01181052,0.01690624,0.00148837,0.003130414,0.03168664,0.04106531,0.008534288,NA,NA,0.01152348,0.02120418,0.000399647,NA,0.02618524,0.1082601,0.007662007,NA,0.02058379,0.009993713,0.1144742,0.1144748,0.06866145,0.007051103,NA,NA,0.01674498
1997,0.05807125,0.03879246,0.00501482,NA,0.005616255,0.03051349,NA,0.0109988,0.001943042,0.01436974,0.1551683,NA,0.003274644,0.00612029,0.003233406,0.008297097,0.01152751,NA,0.002233571,0.005895411,NA,0.05088382,NA,0.01548221,0.06253075,0.003371984,NA,0.02563627,0.0131671,NA,0.01784744,0.03040363,0.01944491,0.00078561,0.004903601,0.007307177,0.01408431,0.008909365,NA,0.1069403,0.003400936,0.01199931,0.00348722,0.0232363,0.07267016,0.04403824,0.01164261,NA,0.02008657,0.0402304,0.0857151,0.08572155,0.03990813,0.004001297,NA,NA,0.01691429
1998,0.07967941,0.06654757,0.02128065,NA,0.00529238,0.1223561,NA,0.01292219,0.004990447,0.01252728,0.106595,NA,0.01808081,0.03255381,0.01138126,0.009150413,0.01002887,NA,0.01740288,0.01093631,0.03535078,0.04651469,NA,NA,0.1251183,0.02146204,NA,0.02792009,0.0264309,NA,0.01055907,0.05247134,0.01343852,0.03625656,0.03911641,0.06363569,0.02804006,0.005912519,NA,NA,0.03786629,0.04074597,NA,NA,0.05800678,0.07615288,0.03347792,0.05568933,0.008903966,0.04374084,0.1256873,0.0941273,0.093718,0.01541229,NA,NA,0.03855247
1999,0.06444941,0.07615076,0.01320057,NA,0.004809954,0.1970818,0.08038365,0.009416839,0.01279114,NA,0.09210175,NA,0.01401378,0.01243319,0.02194193,0.0209583,0.01092596,0.06194126,0.03027769,0.03452951,0.0148723,0.04379098,NA,0.01636762,0.06308596,0.02376722,NA,0.06033922,0.011892,NA,0.004855585,0.05645823,0.01016488,0.05554065,0.01652499,0.05156302,0.0147053,0.06067687,NA,0.01916185,0.04175428,0.02178417,0.001731761,NA,0.105027,0.08219353,0.01527238,0.06297953,NA,0.0117638,0.1723888,0.1595292,0.0264784,0.01424485,NA,NA,0.02022867
2000,0.1181921,0.09174093,0.01356266,NA,0.002697908,0.1553028,0.06253111,0.004669627,0.001690969,0.003137681,0.06494015,NA,0.01330483,0.01019491,0.003348948,0.01435001,0.003107573,0.09768637,0.0338005,0.01454654,NA,0.06165897,NA,0.01785025,0.008246648,0.02849068,NA,0.04086613,0.005364225,NA,0.006632225,0.04028621,0.009029421,0.04088811,0.006058285,0.03779724,0.007275395,0.05179011,0.009258178,0.05117008,0.03384406,0.01554401,0.00119761,NA,0.09284793,0.1161542,0.008843826,0.05788394,NA,0.0387989,0.1529666,0.1050859,0.05860772,0.004852445,NA,NA,0.02288286
2001,0.05784899,0.09635742,0.03348098,NA,0.006746635,0.1321489,0.03611373,0.005766102,0.003998704,0.004025349,0.03072275,NA,0.01410594,0.004052635,0.007927575,0.02407369,0.00407454,0.05864541,0.009475071,0.01037516,0.01333074,0.06063179,NA,0.0177904,0.01356663,0.009495748,NA,0.0215405,0.01760603,NA,0.005319953,0.04968189,0.01219187,0.06816891,0.009810955,0.02393892,0.009346724,0.03797305,0.006525344,NA,0.04000222,0.01019225,NA,NA,0.05218582,0.1120402,0.01714302,0.01600216,NA,0.02285369,0.06499198,0.03569709,0.02248912,0.0190194,NA,NA,0.007227453
2002,0.06902336,0.08484147,0.01815609,NA,0.005413117,0.09422341,0.01630302,0.003320767,0.001396252,0.003548652,0.03120961,NA,0.02215355,0.01931239,0.006574643,0.008603918,0.004287435,0.09521864,0.002137022,0.006732291,0.005641046,0.01872131,NA,0.008790699,0.01274049,0.02470476,NA,0.04160955,0.005806195,NA,0.009984213,0.01004927,0.008814131,0.0284734,0.01177367,0.04322105,0.01674287,0.04754129,0.008016127,0.03055553,0.007610829,0.02157923,0.01667784,NA,0.02727785,0.09354877,0.01630153,0.07093752,0.01370181,0.01754383,0.03770792,0.05513597,0.04534326,0.005947686,NA,0.05684919,0.01128321
2003,0.08327211,0.1051811,NA,NA,0.01302255,0.1059372,0.03779306,0.004630309,0.001570771,NA,0.02140342,NA,0.01666389,0.01230881,0.003432372,0.01371309,0.009762638,0.09009965,0.000950562,0.001886955,0.004784593,0.05452191,NA,NA,0.002185634,0.04292886,NA,0.02608514,0.007829746,NA,0.009279306,0.01070223,0.01012626,0.04991017,0.02762637,0.008725886,0.01841738,0.01870076,0.01164672,0.02443725,0.004486028,0.02253838,0.000715116,NA,0.006345427,0.1222849,0.01755963,0.03297823,0.006734065,0.01016331,0.07034823,0.05400856,0.0266969,0.002499899,NA,0.008131225,0.005108396
2004,0.09654584,0.06858213,NA,NA,0.001582179,0.01847527,0.03178973,NA,0.001065852,NA,0.07070658,NA,0.008221922,0.01581495,0.003018749,NA,0.005038859,0.07146927,0.001146232,0.001428342,0.002980178,0.05635173,NA,0.03090431,0.01965469,0.02834304,NA,0.01396698,0.006788694,NA,0.003217972,0.02481734,0.005923682,0.006276736,0.0108557,0.008536063,0.02662849,0.04772919,0.01936227,0.07240824,0.001680431,0.02284769,0.01176401,NA,0.04665725,0.0846546,0.01640685,0.01436,0.01174343,0.01948072,0.02151166,0.01754534,0.0235808,0.000810684,NA,0.02569315,0.009045164
2005,0.104515,0.06023446,0.02236388,NA,0.007436627,0.1372435,0.04991196,0.004538012,0.004363895,NA,0.02511407,NA,0.02248565,0.02584371,0.006592075,0.06803599,0.01454609,NA,0.006006909,0.004381162,0.05348094,0.0369094,NA,NA,0.004145419,0.02395225,NA,0.01552175,0.01877359,NA,0.009816779,0.03460897,0.00860674,0.02996648,0.03610537,0.03522189,0.009058012,0.01185239,0.004321306,0.01906572,0.01802801,0.027236,0.002640017,NA,0.03100353,0.06934244,0.01212901,0.02357992,0.02234962,0.01760051,0.05862763,0.03399069,0.04202083,0.02695971,NA,0.006222634,0.01048705
2006,0.08760381,0.04518467,0.01097301,NA,0.00742847,0.02306726,0.02236864,0.003499842,0.006583437,NA,0.1668825,NA,0.01023718,0.00819445,0.005754129,0.00746149,0.008507851,0.04331518,0.004973674,0.003039738,0.006555092,0.1470347,NA,NA,0.03869869,0.01320216,NA,0.01017317,0.007979994,NA,0.005285954,0.02920355,0.001592145,0.007819246,0.006932584,0.0280529,0.0114508,0.01519285,0.005176196,0.06737733,0.004283175,0.01317091,0.002618201,NA,0.03313442,0.05139874,0.007685492,0.02401843,0.004183253,0.03430979,0.03435032,0.02768414,0.01420498,0.001361847,NA,0.01384793,0.0290752
2007,0.06030226,0.02998676,0.01599604,0.007678406,0.005321075,0.2229284,0.04452529,0.00680383,0.02144856,NA,0.06464701,NA,0.0385513,0.0180062,0.02723676,0.0574197,0.005586891,0.03629913,0.01893369,0.009123879,0.07884181,0.06003894,NA,NA,0.01135677,0.03456777,NA,0.01728705,0.0146653,NA,0.008047336,0.04710915,0.006670543,0.04540828,0.03194809,0.02178805,0.02104834,0.02176614,0.005875831,0.02464869,0.0270271,0.02836082,0.004503345,NA,0.07233409,0.03199604,0.01053155,0.05763971,0.01898768,0.01202435,0.05242194,0.0561945,0.01882117,0.02729047,NA,0.004309734,0.02216563
2008,0.0459471,0.04548427,0.008011863,0.08792903,0.005571424,0.1153754,0.01966197,0.009143369,0.008034551,NA,0.05413096,NA,0.01046132,0.006884183,0.008990255,0.01985014,0.003291688,0.0282581,0.007073969,0.006901184,0.01098998,0.05221866,0.00485772,NA,0.01258817,0.01141956,NA,0.01721589,0.005848402,NA,0.007350187,0.03882515,0.009337786,0.01065692,0.01046165,0.01050441,0.01785451,0.04130399,0.01454729,0.09274719,0.01527544,0.008346235,0.01165416,NA,0.07713848,0.05081951,0.01095041,0.03002902,0.01826729,0.02604409,0.02685096,0.02858082,0.01282251,0.009554173,NA,0.01350013,0.01383066
2009,0.05144046,0.03284445,0.02167786,0.04490658,0.004233459,0.06254705,0.02129225,0.01602531,0.007654177,NA,0.107161,NA,0.04971646,0.01608666,0.02606903,0.01033716,0.002464166,0.01264938,0.01104229,0.004174965,0.04343372,0.05468661,0.008486655,NA,0.01877892,0.0298364,NA,0.02734343,0.008207651,0.09788447,0.002241672,0.02497599,0.003208847,0.003527972,0.02761315,0.01346264,0.01471632,0.01401639,0.01204083,0.04185374,0.0170734,0.02721777,NA,NA,0.1599571,0.03385161,0.004878595,0.04309554,0.00709898,0.02671514,0.06626856,0.05135962,0.01953342,0.0386355,NA,0.005633937,0.007769377
2010,0.08805041,0.06062412,0.03509884,0.0691922,0.003958723,0.1931734,0.0269565,0.01966705,0.01241207,NA,0.03786344,NA,0.01817099,0.005592134,0.05811077,0.04702488,0.003696443,0.06157738,0.003316984,0.01025476,0.05347326,0.07652959,0.0437054,NA,0.004865621,0.01927094,NA,0.02462367,0.0154125,0.05004124,0.004646088,0.05322398,0.002972241,0.01851313,0.01553352,0.05595031,0.01193651,0.02662859,0.00478607,0.05864011,0.0153146,0.009740809,0.001189019,NA,0.1673866,0.06587888,0.004295478,0.05357488,0.006465166,0.0223986,0.05347942,0.05355121,0.03226097,0.080312,NA,0.005491927,0.01379239
2011,0.06009781,0.03764956,0.06110099,0.06570591,0.01574807,0.1575804,0.01445151,0.01665694,0.002346349,NA,0.02918818,NA,0.01367022,0.006263242,0.02057371,0.03503051,0.01574156,0.04518158,0.0120782,0.003585867,0.0210715,0.0579192,0.04187345,NA,0.01838728,0.01505194,NA,0.02005398,0.01752238,0.04767445,0.009370948,0.02307032,0.004502519,0.002387729,0.02974982,0.02548553,0.01432452,NA,0.005909381,0.1165901,0.02906724,0.01937992,0.000790567,NA,0.1242537,0.04167971,0.01212003,0.04703376,0.01421259,0.05580604,0.03152114,0.04192327,0.02588797,0.03341266,NA,0.006501146,0.0223289
2012,0.01856048,0.03194301,0.03380836,NA,0.01002031,0.08473168,0.0194503,0.008792258,0.005882735,NA,0.08456038,0.004794343,0.009203829,0.003593607,0.03749626,0.007042313,0.004180745,0.02925291,0.01304318,0.005007589,0.03656562,0.03467711,0.0125606,NA,0.01164314,0.006041285,NA,0.01833171,0.02662935,0.04050243,0.006034143,0.02915431,0.01297249,0.04831526,0.005555877,0.01695132,0.01125987,NA,0.009009686,0.08452973,0.04369729,0.007444079,6.61E-05,NA,0.1867895,0.03462414,0.008745137,0.02401773,0.00512629,0.03720972,0.03189972,0.02689211,0.01052398,0.04219325,NA,0.008238764,0.009897422
2013,0.05369323,0.0351779,0.009460457,NA,0.006594714,0.04465415,0.02388169,0.006484047,0.001327499,NA,0.01512654,9.99E-05,0.02545565,0.01197326,0.008420555,0.01869253,0.005625704,0.07417142,0.002989466,0.002559754,0.01424016,0.02888685,0.007881277,NA,0.01480254,0.01633423,NA,0.01702714,0.01138193,0.02414288,0.01244013,0.01497593,0.01594998,0.03054597,0.00381981,0.01569603,0.01553026,NA,0.02946603,0.03006234,0.007416269,0.01485834,0.000238666,NA,0.05756791,0.04525108,0.0120547,0.008305404,0.007354782,0.02483511,0.01233905,0.01040774,0.03971798,0.01915935,NA,0.006616132,0.01282635
2014,0.03401945,0.03115051,0.01561414,NA,0.01157328,0.07593661,0.03295395,0.01279438,0.001036631,NA,0.0165356,0.006513123,0.04100585,0.03309746,0.0017464,0.02364826,0.002234259,0.02818107,0.007283824,0.01356364,0.01799009,0.03929112,0.02694711,NA,0.01382344,0.04253526,NA,0.01924897,0.03577719,0.01004606,0.009069376,0.02216922,0.01139311,0.0302037,0.01947958,0.02801341,0.02539846,NA,0.008201994,0.06189878,0.01632593,0.03067584,NA,NA,0.01618743,0.0359509,0.01946736,0.006277062,0.01465144,0.02139451,0.01720112,0.01201511,0.07169784,0.004617608,NA,0.007147578,0.01646242
2015,0.02082945,0.0204845,0.02232284,NA,0.004388489,0.07176221,0.023557,0.01277913,0.000486941,NA,0.0167437,0.2569028,0.03613467,0.03560842,0.002209416,0.02761228,0.01750474,0.01586804,0.008442167,0.03634217,0.004835757,0.01039739,0.00985391,NA,0.01881454,0.02706063,NA,0.01175176,0.02908983,0.02114217,0.00870031,0.02862027,0.01628141,0.07215337,0.01606708,0.01212721,0.01929042,NA,0.01291987,0.002862857,0.01198328,0.02050401,NA,NA,0.002153846,0.02199105,0.01937117,NA,0.02233027,0.005897372,0.04007753,0.02682513,0.02415511,0.008903993,NA,0.003937099,0.001799898
2016,0.000146877,0.001660389,0.01678764,NA,0.01159084,0.201102,NA,0.009551868,0.000675459,NA,0.03237864,0.02174353,0.005676227,0.04298055,0.008906162,0.05150217,NA,NA,0.00238601,0.006653603,0.008708224,NA,0.04078252,NA,0.01893811,0.04335906,NA,0.000100493,0.0357714,0.258772,0.01017149,NA,0.01730808,0.06168044,0.01166156,0.06519993,0.006527657,NA,0.02273365,NA,0.02000499,0.003035631,NA,NA,0.03198883,0.002011502,0.001245306,NA,0.04694652,NA,NA,NA,NA,0.00503613,NA,NA,NA
2017,NA,NA,NA,NA,0.009706665,0.0878559,NA,0.001108902,NA,NA,NA,NA,NA,NA,NA,0.003190629,NA,NA,NA,NA,NA,NA,0.1406994,NA,NA,NA,NA,NA,NA,5.69E-05,0.004237579,NA,0.02197542,0.04889703,NA,0.1339758,NA,NA,NA,NA,NA,NA,NA,NA,NA,NA,NA,NA,NA,NA,NA,NA,NA,NA,NA,NA,NA