"","ID","Year","YoD","YoB","Calved","Age"
"1","A02",1982,1988,1929,0,53
"2","A02",1981,1988,1929,0,52
"3","A02",1985,1988,1929,0,56
"4","A02",1983,1988,1929,0,54
"5","A02",1986,1988,1929,0,57
"6","A02",1980,1988,1929,0,51
"7","A02",1987,1988,1929,0,58
"8","A02",1984,1988,1929,0,55
"10","A08",1990,2001,1959,0,31
"11","A08",1989,2001,1959,0,30
"12","A08",1983,2001,1959,0,24
"13","A08",1997,2001,1959,0,38
"14","A08",2000,2001,1959,0,41
"15","A08",1985,2001,1959,0,26
"16","A08",1984,2001,1959,0,25
"17","A08",1996,2001,1959,0,37
"18","A08",1988,2001,1959,0,29
"19","A08",1999,2001,1959,0,40
"20","A08",1995,2001,1959,0,36
"21","A08",1993,2001,1959,0,34
"22","A08",1980,2001,1959,1,21
"23","A08",1986,2001,1959,0,27
"24","A08",1991,2001,1959,0,32
"25","A08",1982,2001,1959,0,23
"26","A08",1992,2001,1959,0,33
"27","A08",1998,2001,1959,0,39
"28","A08",1994,2001,1959,0,35
"29","A08",1987,2001,1959,0,28
"30","A09",1981,1991,1942,0,39
"31","A09",1982,1991,1942,0,40
"32","A09",1990,1991,1942,0,48
"33","A09",1989,1991,1942,0,47
"34","A09",1985,1991,1942,0,43
"35","A09",1988,1991,1942,0,46
"36","A09",1983,1991,1942,0,41
"37","A09",1987,1991,1942,0,45
"38","A09",1980,1991,1942,0,38
"39","A09",1986,1991,1942,0,44
"40","A09",1984,1991,1942,0,42
"42","A10",1981,1984,1942,0,39
"43","A10",1980,1984,1942,0,38
"44","A10",1983,1984,1942,1,41
"45","A11",2006,2013,1959,0,47
"46","A11",2012,2013,1959,0,53
"47","A11",1986,2013,1959,0,27
"48","A11",2011,2013,1959,0,52
"50","A11",1997,2013,1959,0,38
"51","A11",1985,2013,1959,0,26
"53","A11",2004,2013,1959,0,45
"54","A11",2007,2013,1959,0,48
"55","A11",1992,2013,1959,0,33
"56","A11",2008,2013,1959,0,49
"57","A11",2005,2013,1959,0,46
"58","A11",1987,2013,1959,0,28
"59","A11",1993,2013,1959,0,34
"61","A11",2001,2013,1959,0,42
"62","A11",1994,2013,1959,0,35
"63","A11",1981,2013,1959,0,22
"65","A11",1990,2013,1959,1,31
"66","A11",2000,2013,1959,0,41
"67","A11",1980,2013,1959,0,21
"68","A11",1999,2013,1959,0,40
"69","A11",2009,2013,1959,0,50
"70","A11",2010,2013,1959,0,51
"71","A11",1995,2013,1959,0,36
"72","A11",1988,2013,1959,0,29
"73","A11",1996,2013,1959,0,37
"74","A11",1983,2013,1959,1,24
"75","A11",1998,2013,1959,0,39
"76","A11",2003,2013,1959,0,44
"77","A11",2002,2013,1959,0,43
"78","A12",2005,2012,1943,0,62
"79","A12",1987,2012,1943,0,44
"80","A12",2000,2012,1943,0,57
"81","A12",1988,2012,1943,0,45
"82","A12",1992,2012,1943,0,49
"83","A12",1995,2012,1943,0,52
"84","A12",1993,2012,1943,0,50
"85","A12",1998,2012,1943,0,55
"86","A12",1986,2012,1943,0,43
"87","A12",1991,2012,1943,0,48
"88","A12",1981,2012,1943,0,38
"89","A12",2011,2012,1943,0,68
"90","A12",2004,2012,1943,0,61
"91","A12",1982,2012,1943,0,39
"92","A12",1984,2012,1943,0,41
"93","A12",2008,2012,1943,0,65
"94","A12",2003,2012,1943,0,60
"95","A12",1989,2012,1943,0,46
"96","A12",2009,2012,1943,0,66
"97","A12",1996,2012,1943,0,53
"98","A12",1985,2012,1943,0,42
"99","A12",1983,2012,1943,0,40
"100","A12",1997,2012,1943,0,54
"101","A12",1999,2012,1943,0,56
"102","A12",2001,2012,1943,0,58
"103","A12",1990,2012,1943,0,47
"104","A12",1980,2012,1943,0,37
"105","A12",2002,2012,1943,0,59
"106","A12",2010,2012,1943,0,67
"107","A12",2006,2012,1943,0,63
"108","A12",2007,2012,1943,0,64
"109","A12",1994,2012,1943,0,51
"110","A14",1990,1991,1948,0,42
"111","A14",1983,1991,1948,0,35
"112","A14",1986,1991,1948,0,38
"113","A14",1981,1991,1948,0,33
"114","A14",1988,1991,1948,0,40
"115","A14",1987,1991,1948,0,39
"116","A14",1982,1991,1948,0,34
"118","A14",1985,1991,1948,0,37
"119","A14",1984,1991,1948,0,36
"120","A14",1989,1991,1948,0,41
"121","A23",1988,2000,1948,0,40
"122","A23",1995,2000,1948,0,47
"123","A23",1987,2000,1948,0,39
"124","A23",1997,2000,1948,0,49
"125","A23",1998,2000,1948,0,50
"127","A23",1994,2000,1948,0,46
"128","A23",1986,2000,1948,0,38
"130","A23",1989,2000,1948,0,41
"131","A23",1983,2000,1948,0,35
"132","A23",1990,2000,1948,0,42
"133","A23",1985,2000,1948,0,37
"135","A23",1992,2000,1948,1,44
"136","A23",1984,2000,1948,0,36
"137","A23",1996,2000,1948,0,48
"139","A23",1999,2000,1948,0,51
"140","A23",1981,2000,1948,1,33
"141","A24",2006,2013,1967,0,39
"142","A24",1997,2013,1967,0,30
"143","A24",2011,2013,1967,0,44
"145","A24",2012,2013,1967,0,45
"146","A24",1999,2013,1967,1,32
"148","A24",1992,2013,1967,1,25
"149","A24",1981,2013,1967,1,14
"150","A24",2007,2013,1967,0,40
"151","A24",1990,2013,1967,0,23
"153","A24",1985,2013,1967,1,18
"156","A24",1988,2013,1967,1,21
"158","A24",2009,2013,1967,1,42
"159","A24",2001,2013,1967,0,34
"161","A24",1998,2013,1967,0,31
"164","A24",2005,2013,1967,0,38
"165","A24",1983,2013,1967,1,16
"167","A24",2000,2013,1967,0,33
"171","A24",1995,2013,1967,1,28
"173","A24",2003,2013,1967,1,36
"175","A25",1991,1997,1971.5,0,19.5
"176","A25",1990,1997,1971.5,0,18.5
"177","A25",1983,1997,1971.5,0,11.5
"178","A25",1988,1997,1971.5,0,16.5
"180","A25",1996,1997,1971.5,0,24.5
"181","A25",1981,1997,1971.5,0,9.5
"183","A25",1984,1997,1971.5,0,12.5
"184","A25",1989,1997,1971.5,0,17.5
"185","A25",1982,1997,1971.5,0,10.5
"186","A25",1980,1997,1971.5,0,8.5
"187","A25",1986,1997,1971.5,1,14.5
"189","A25",1994,1997,1971.5,1,22.5
"190","A25",1992,1997,1971.5,0,20.5
"191","A28",1995,2012,1974,0,21
"192","A28",1992,2012,1974,0,18
"193","A28",2005,2012,1974,0,31
"194","A28",1987,2012,1974,0,13
"195","A28",1989,2012,1974,0,15
"196","A28",1991,2012,1974,0,17
"197","A28",1988,2012,1974,0,14
"198","A28",1986,2012,1974,0,12
"199","A28",2007,2012,1974,0,33
"200","A28",2011,2012,1974,0,37
"201","A28",1998,2012,1974,0,24
"202","A28",2004,2012,1974,0,30
"203","A28",2010,2012,1974,0,36
"204","A28",1982,2012,1974,0,8
"205","A28",2000,2012,1974,0,26
"207","A28",2003,2012,1974,0,29
"208","A28",1985,2012,1974,0,11
"209","A28",1993,2012,1974,0,19
"210","A28",2009,2012,1974,0,35
"211","A28",1997,2012,1974,0,23
"212","A28",1984,2012,1974,0,10
"213","A28",1999,2012,1974,0,25
"214","A28",1983,2012,1974,0,9
"215","A28",2006,2012,1974,0,32
"217","A28",2008,2012,1974,0,34
"218","A28",1990,2012,1974,0,16
"219","A28",1994,2012,1974,0,20
"220","A28",1996,2012,1974,0,22
"221","A28",2001,2012,1974,0,27
"222","A28",2002,2012,1974,0,28
"223","A30",1987,2013,1949,0,38
"224","A30",2005,2013,1949,0,56
"225","A30",1989,2013,1949,1,40
"226","A30",2004,2013,1949,0,55
"227","A30",1986,2013,1949,0,37
"229","A30",1998,2013,1949,0,49
"230","A30",2007,2013,1949,0,58
"232","A30",1995,2013,1949,0,46
"233","A30",1981,2013,1949,1,32
"234","A30",2006,2013,1949,0,57
"235","A30",2008,2013,1949,0,59
"236","A30",1992,2013,1949,0,43
"238","A30",1991,2013,1949,0,42
"239","A30",2011,2013,1949,0,62
"240","A30",2010,2013,1949,0,61
"242","A30",2000,2013,1949,0,51
"244","A30",2009,2013,1949,0,60
"245","A30",2001,2013,1949,0,52
"246","A30",1999,2013,1949,0,50
"247","A30",1997,2013,1949,0,48
"248","A30",1993,2013,1949,0,44
"249","A30",1984,2013,1949,1,35
"250","A30",2002,2013,1949,0,53
"251","A30",1996,2013,1949,0,47
"252","A30",2003,2013,1949,0,54
"254","A30",1994,2013,1949,0,45
"255","A30",2012,2013,1949,0,63
"256","A34",2017,NA,1975,0,42
"257","A34",2004,NA,1975,1,29
"259","A34",2013,NA,1975,0,38
"262","A34",1999,NA,1975,0,24
"264","A34",2012,NA,1975,0,37
"265","A34",2007,NA,1975,0,32
"266","A34",2006,NA,1975,0,31
"267","A34",1986,NA,1975,0,11
"272","A34",1997,NA,1975,1,22
"273","A34",2008,NA,1975,0,33
"274","A34",2010,NA,1975,1,35
"275","A34",1994,NA,1975,1,19
"278","A34",1990,NA,1975,1,15
"279","A34",2015,NA,1975,0,40
"281","A34",2001,NA,1975,1,26
"282","A34",1988,NA,1975,0,13
"283","A34",1984,NA,1975,0,9
"285","A34",1983,NA,1975,0,8
"286","A34",1992,NA,1975,0,17
"289","A34",1987,NA,1975,0,12
"290","A34",2016,NA,1975,0,41
"292","A34",1985,NA,1975,0,10
"293","A34",2014,NA,1975,0,39
"332","A36",1991,1998,1949,0,42
"334","A36",1990,1998,1949,0,41
"335","A36",1995,1998,1949,0,46
"336","A36",1992,1998,1949,0,43
"337","A36",1988,1998,1949,0,39
"338","A36",1993,1998,1949,0,44
"340","A36",1984,1998,1949,0,35
"341","A36",1996,1998,1949,0,47
"342","A36",1982,1998,1949,1,33
"343","A36",1985,1998,1949,0,36
"344","A36",1997,1998,1949,0,48
"345","A36",1986,1998,1949,0,37
"346","A36",1994,1998,1949,0,45
"347","A36",1989,1998,1949,0,40
"348","A36",1987,1998,1949,0,38
"349","A36",1980,1998,1949,0,31
"350","A42",1994,NA,1980,0,14
"352","A42",1993,NA,1980,0,13
"353","A42",2017,NA,1980,1,37
"355","A42",2006,NA,1980,0,26
"357","A42",1989,NA,1980,0,9
"359","A42",2013,NA,1980,1,33
"361","A42",2002,NA,1980,0,22
"362","A42",2010,NA,1980,0,30
"364","A42",1998,NA,1980,0,18
"365","A42",1996,NA,1980,1,16
"366","A42",1999,NA,1980,0,19
"367","A42",2004,NA,1980,1,24
"368","A42",2008,NA,1980,1,28
"370","A42",2015,NA,1980,0,35
"374","A42",2001,NA,1980,0,21
"375","A42",2011,NA,1980,0,31
"382","A42",1988,NA,1980,0,8
"386","A42",2000,NA,1980,0,20
"387","A42",1991,NA,1980,1,11
"388","A43",2011,NA,1981,0,30
"390","A43",2010,NA,1981,0,29
"391","A43",2009,NA,1981,0,28
"392","A43",1993,NA,1981,0,12
"393","A43",2007,NA,1981,0,26
"394","A43",2016,NA,1981,0,35
"396","A43",2014,NA,1981,0,33
"399","A43",2003,NA,1981,0,22
"400","A43",1999,NA,1981,0,18
"401","A43",2004,NA,1981,0,23
"403","A43",1992,NA,1981,0,11
"405","A43",2006,NA,1981,0,25
"406","A43",2013,NA,1981,0,32
"407","A43",1989,NA,1981,0,8
"408","A43",2017,NA,1981,0,36
"409","A43",2015,NA,1981,0,34
"411","A43",1991,NA,1981,0,10
"412","A43",1990,NA,1981,0,9
"413","A43",2002,NA,1981,0,21
"416","A43",2000,NA,1981,0,19
"418","A43",2005,NA,1981,0,24
"419","A43",1997,NA,1981,1,16
"421","A43",2012,NA,1981,0,31
"423","A43",2001,NA,1981,0,20
"424","A43",1995,NA,1981,1,14
"425","A43",2008,NA,1981,0,27
"426","A45",1997,2001,1983,1,14
"430","A45",1994,2001,1983,0,11
"433","A45",1992,2001,1983,0,9
"434","A45",1993,2001,1983,0,10
"439","A45",2000,2001,1983,1,17
"441","A45",1991,2001,1983,0,8
"445","A45",1995,2001,1983,0,12
"451","A48",1991,1997,1983,0,8
"454","A48",1993,1997,1983,0,10
"457","A48",1992,1997,1983,0,9
"461","A48",1996,1997,1983,1,13
"463","A48",1994,1997,1983,0,11
"464","A50",1995,NA,1984,0,11
"465","A50",2013,NA,1984,0,29
"471","A50",1999,NA,1984,1,15
"472","A50",2014,NA,1984,0,30
"474","A50",2000,NA,1984,0,16
"477","A50",1994,NA,1984,0,10
"478","A50",2002,NA,1984,0,18
"480","A50",1997,NA,1984,0,13
"482","A50",2005,NA,1984,1,21
"483","A50",2003,NA,1984,0,19
"486","A50",1992,NA,1984,0,8
"487","A50",1996,NA,1984,0,12
"488","A50",1998,NA,1984,0,14
"489","A50",2015,NA,1984,0,31
"490","A50",2011,NA,1984,1,27
"491","A50",2001,NA,1984,0,17
"492","A50",1993,NA,1984,0,9
"496","A50",2017,NA,1984,1,33
"497","A50",2007,NA,1984,0,23
"498","A50",2008,NA,1984,0,24
"499","A50",2009,NA,1984,0,25
"502","A51",2000,2011,1986,0,14
"507","A51",1998,2011,1986,0,12
"509","A51",1995,2011,1986,0,9
"516","A51",2003,2011,1986,0,17
"517","A51",1997,2011,1986,0,11
"518","A51",2004,2011,1986,0,18
"520","A51",2001,2011,1986,0,15
"523","A51",1999,2011,1986,0,13
"524","A51",1994,2011,1986,0,8
"525","A51",1996,2011,1986,0,10
"527","A51",2006,2011,1986,1,20
"529","A51",2010,2011,1986,1,24
"531","A51",2008,2011,1986,0,22
"532","A51",2002,2011,1986,0,16
"536","A52",2013,NA,1987,1,26
"537","A52",2016,NA,1987,0,29
"538","A52",2004,NA,1987,1,17
"540","A52",1998,NA,1987,0,11
"541","A52",1996,NA,1987,0,9
"547","A52",2009,NA,1987,0,22
"549","A52",2006,NA,1987,0,19
"550","A52",2011,NA,1987,0,24
"551","A52",1995,NA,1987,0,8
"555","A52",2010,NA,1987,0,23
"557","A52",2000,NA,1987,0,13
"559","A52",2015,NA,1987,0,28
"560","A52",1997,NA,1987,0,10
"562","A52",2002,NA,1987,1,15
"565","A52",2008,NA,1987,0,21
"566","A52",2017,NA,1987,0,30
"568","A52",2007,NA,1987,0,20
"569","A52",1999,NA,1987,0,12
"584","A54",2004,NA,1989,0,15
"587","A54",2016,NA,1989,0,27
"593","A54",1998,NA,1989,0,9
"596","A54",1999,NA,1989,0,10
"597","A54",2015,NA,1989,0,26
"599","A54",2011,NA,1989,0,22
"600","A54",2006,NA,1989,1,17
"601","A54",2002,NA,1989,1,13
"602","A54",2013,NA,1989,1,24
"605","A54",1997,NA,1989,0,8
"609","A54",2000,NA,1989,0,11
"610","A54",2017,NA,1989,0,28
"617","A54",2009,NA,1989,1,20
"624","A56",2015,NA,1990,0,25
"625","A56",2017,NA,1990,0,27
"628","A56",2001,NA,1990,0,11
"630","A56",2005,NA,1990,0,15
"631","A56",2002,NA,1990,0,12
"633","A56",1998,NA,1990,0,8
"634","A56",2004,NA,1990,0,14
"635","A56",2012,NA,1990,0,22
"639","A56",2013,NA,1990,0,23
"640","A56",2016,NA,1990,0,26
"642","A56",2003,NA,1990,0,13
"645","A56",2010,NA,1990,1,20
"647","A56",2000,NA,1990,0,10
"648","A56",1999,NA,1990,0,9
"652","A56",2014,NA,1990,0,24
"653","A56",2007,NA,1990,1,17
"680","A59",2000,2006,1992,0,8
"689","A59",2002,2006,1992,0,10
"693","A59",2004,2006,1992,1,12
"695","A59",2001,2006,1992,0,9
"707","A62",2015,NA,1994,0,21
"709","A62",2007,NA,1994,0,13
"710","A62",2017,NA,1994,0,23
"713","A62",2003,NA,1994,0,9
"716","A62",2002,NA,1994,0,8
"718","A62",2005,NA,1994,1,11
"721","A62",2009,NA,1994,1,15
"723","A62",2011,NA,1994,0,17
"729","A62",2013,NA,1994,1,19
"730","A62",2016,NA,1994,0,22
"749","A64",2005,NA,1995,0,10
"757","A64",2008,NA,1995,1,13
"759","A64",2010,NA,1995,0,15
"760","A64",2003,NA,1995,0,8
"763","A64",2012,NA,1995,0,17
"766","A64",2015,NA,1995,1,20
"767","A64",2013,NA,1995,0,18
"771","A64",2006,NA,1995,0,11
"775","A64",2004,NA,1995,0,9
"776","A64",2011,NA,1995,0,16
"778","A64",2017,NA,1995,0,22
"787","A67",2007,NA,1997,0,10
"789","A67",2014,NA,1997,0,17
"792","A67",2009,NA,1997,1,12
"796","A67",2006,NA,1997,0,9
"797","A67",2005,NA,1997,0,8
"802","A67",2012,NA,1997,1,15
"805","A67",2016,NA,1997,1,19
"818","A69",2009,NA,1997,1,12
"821","A69",2011,NA,1997,0,14
"830","A69",2006,NA,1997,0,9
"833","A69",2007,NA,1997,0,10
"836","A69",2016,NA,1997,0,19
"839","A69",2014,NA,1997,1,17
"842","A69",2017,NA,1997,0,20
"843","A69",2005,NA,1997,0,8
"847","A69",2012,NA,1997,0,15
"857","A70",2016,NA,1999,1,17
"869","A70",2013,NA,1999,0,14
"870","A70",2007,NA,1999,0,8
"875","A70",2009,NA,1999,0,10
"879","A70",2011,NA,1999,1,12
"882","A70",2008,NA,1999,0,9
"891","A70",2014,NA,1999,0,15
"894","A72",2016,NA,1999,0,17
"895","A72",2017,NA,1999,0,18
"912","A72",2011,NA,1999,0,12
"915","A72",2010,NA,1999,0,11
"919","A72",2014,NA,1999,1,15
"920","A72",2008,NA,1999,0,9
"922","A72",2009,NA,1999,0,10
"924","A72",2007,NA,1999,0,8
"928","A72",2012,NA,1999,0,13
"933","A73",2013,NA,2000,1,13
"937","A73",2015,NA,2000,0,15
"950","A73",2017,NA,2000,1,17
"953","A73",2010,NA,2000,0,10
"954","A73",2009,NA,2000,0,9
"959","A73",2011,NA,2000,0,11
"964","A73",2008,NA,2000,0,8
"978","A75",2012,NA,2002,1,10
"986","A75",2014,NA,2002,0,12
"996","A75",2016,NA,2002,1,14
"1002","A75",2010,NA,2002,0,8
"1022","A88",2017,NA,2008,0,9
"1024","A88",2016,NA,2008,0,8
"1084","B07",2015,NA,1949,0,66
"1087","B07",2013,NA,1949,0,64
"1089","B07",2007,NA,1949,0,58
"1090","B07",2016,NA,1949,0,67
"1091","B07",2004,NA,1949,0,55
"1092","B07",2014,NA,1949,0,65
"1093","B07",2000,NA,1949,0,51
"1094","B07",1989,NA,1949,0,40
"1095","B07",1991,NA,1949,1,42
"1096","B07",1999,NA,1949,0,50
"1097","B07",2001,NA,1949,0,52
"1098","B07",2008,NA,1949,0,59
"1099","B07",2006,NA,1949,0,57
"1100","B07",2012,NA,1949,0,63
"1101","B07",1998,NA,1949,0,49
"1102","B07",1995,NA,1949,1,46
"1104","B07",2011,NA,1949,0,62
"1105","B07",2003,NA,1949,0,54
"1106","B07",1993,NA,1949,0,44
"1107","B07",2010,NA,1949,0,61
"1108","B07",1984,NA,1949,1,35
"1109","B07",2009,NA,1949,0,60
"1110","B07",1982,NA,1949,0,33
"1111","B07",1987,NA,1949,1,38
"1112","B07",2002,NA,1949,0,53
"1114","B07",2005,NA,1949,0,56
"1115","B07",1981,NA,1949,0,32
"1117","B07",2017,NA,1949,0,68
"1119","B07",1997,NA,1949,0,48
"1121","B14",2004,NA,1991,1,13
"1123","B14",1999,NA,1991,0,8
"1124","B14",2011,NA,1991,0,20
"1126","B14",2014,NA,1991,1,23
"1133","B14",2001,NA,1991,0,10
"1134","B14",2000,NA,1991,0,9
"1135","B14",2008,NA,1991,1,17
"1143","B14",2010,NA,1991,0,19
"1145","B14",2006,NA,1991,0,15
"1149","B14",2017,NA,1991,0,26
"1150","B14",2012,NA,1991,0,21
"1152","B14",2002,NA,1991,0,11
"1153","B14",2016,NA,1991,0,25
"1159","C04",1980,1984,1934,0,46
"1160","C04",1981,1984,1934,0,47
"1161","C04",1982,1984,1934,0,48
"1162","C04",1983,1984,1934,0,49
"1163","C05",1991,1997,1923,0,68
"1164","C05",1990,1997,1923,0,67
"1165","C05",1985,1997,1923,0,62
"1166","C05",1995,1997,1923,0,72
"1167","C05",1988,1997,1923,0,65
"1168","C05",1986,1997,1923,0,63
"1169","C05",1984,1997,1923,0,61
"1170","C05",1996,1997,1923,0,73
"1171","C05",1993,1997,1923,0,70
"1172","C05",1980,1997,1923,0,57
"1173","C05",1989,1997,1923,0,66
"1174","C05",1981,1997,1923,0,58
"1175","C05",1983,1997,1923,0,60
"1176","C05",1982,1997,1923,0,59
"1177","C05",1992,1997,1923,0,69
"1178","C05",1987,1997,1923,0,64
"1179","C05",1994,1997,1923,0,71
"1180","C06",2006,2013,1956,0,50
"1182","C06",1989,2013,1956,0,33
"1183","C06",1991,2013,1956,1,35
"1184","C06",1987,2013,1956,0,31
"1185","C06",2004,2013,1956,0,48
"1186","C06",1985,2013,1956,1,29
"1187","C06",2008,2013,1956,0,52
"1188","C06",1988,2013,1956,0,32
"1189","C06",2011,2013,1956,0,55
"1190","C06",1997,2013,1956,0,41
"1191","C06",2005,2013,1956,0,49
"1194","C06",2007,2013,1956,0,51
"1195","C06",1993,2013,1956,0,37
"1196","C06",1983,2013,1956,0,27
"1197","C06",1982,2013,1956,0,26
"1199","C06",2001,2013,1956,0,45
"1201","C06",2010,2013,1956,0,54
"1202","C06",1995,2013,1956,0,39
"1203","C06",1999,2013,1956,0,43
"1204","C06",1994,2013,1956,0,38
"1205","C06",2009,2013,1956,0,53
"1206","C06",2002,2013,1956,0,46
"1207","C06",1998,2013,1956,0,42
"1208","C06",1996,2013,1956,0,40
"1209","C06",2003,2013,1956,0,47
"1210","C06",2000,2013,1956,0,44
"1211","C06",1981,2013,1956,0,25
"1212","C06",2012,2013,1956,0,56
"1213","C08",2011,NA,1975,0,36
"1214","C08",2012,NA,1975,0,37
"1216","C08",1999,NA,1975,0,24
"1217","C08",2006,NA,1975,0,31
"1218","C08",2000,NA,1975,0,25
"1220","C08",2017,NA,1975,0,42
"1221","C08",1994,NA,1975,1,19
"1225","C08",2010,NA,1975,0,35
"1226","C08",1997,NA,1975,1,22
"1228","C08",1986,NA,1975,0,11
"1230","C08",1984,NA,1975,0,9
"1232","C08",2003,NA,1975,0,28
"1233","C08",1989,NA,1975,1,14
"1234","C08",2007,NA,1975,0,32
"1235","C08",2008,NA,1975,0,33
"1236","C08",2009,NA,1975,0,34
"1237","C08",2014,NA,1975,1,39
"1241","C08",2001,NA,1975,0,26
"1243","C08",1985,NA,1975,0,10
"1244","C08",2005,NA,1975,0,30
"1245","C08",1983,NA,1975,0,8
"1248","C08",1987,NA,1975,0,12
"1249","C08",2016,NA,1975,0,41
"1250","C08",1991,NA,1975,1,16
"1251","C10",1987,NA,1971.5,0,15.5
"1254","C10",1985,NA,1971.5,1,13.5
"1256","C10",2012,NA,1971.5,0,40.5
"1259","C10",2006,NA,1971.5,0,34.5
"1260","C10",2009,NA,1971.5,1,37.5
"1261","C10",1982,NA,1971.5,0,10.5
"1262","C10",1998,NA,1971.5,1,26.5
"1263","C10",1991,NA,1971.5,0,19.5
"1264","C10",2015,NA,1971.5,0,43.5
"1267","C10",1980,NA,1971.5,0,8.5
"1269","C10",2016,NA,1971.5,0,44.5
"1270","C10",2017,NA,1971.5,0,45.5
"1273","C10",2011,NA,1971.5,0,39.5
"1274","C10",2001,NA,1971.5,0,29.5
"1275","C10",2004,NA,1971.5,1,32.5
"1276","C10",2002,NA,1971.5,0,30.5
"1277","C10",1996,NA,1971.5,0,24.5
"1279","C10",1981,NA,1971.5,0,9.5
"1280","C10",2014,NA,1971.5,0,42.5
"1281","C10",2007,NA,1971.5,0,35.5
"1282","C10",1993,NA,1971.5,1,21.5
"1284","C10",2000,NA,1971.5,0,28.5
"1285","C10",1995,NA,1971.5,0,23.5
"1286","C10",1989,NA,1971.5,1,17.5
"1287","C10",1983,NA,1971.5,0,11.5
"1288","C10",2013,NA,1971.5,0,41.5
"1290","C13",1993,NA,1985,0,8
"1291","C13",2017,NA,1985,0,32
"1292","C13",2011,NA,1985,0,26
"1293","C13",2009,NA,1985,0,24
"1294","C13",2003,NA,1985,0,18
"1299","C13",1996,NA,1985,0,11
"1301","C13",2013,NA,1985,1,28
"1302","C13",2016,NA,1985,0,31
"1303","C13",2004,NA,1985,0,19
"1304","C13",2007,NA,1985,1,22
"1305","C13",2015,NA,1985,0,30
"1307","C13",2002,NA,1985,0,17
"1313","C13",1998,NA,1985,0,13
"1314","C13",2010,NA,1985,0,25
"1316","C13",1997,NA,1985,0,12
"1318","C13",1995,NA,1985,0,10
"1319","C13",2000,NA,1985,1,15
"1322","C13",2005,NA,1985,0,20
"1326","C13",1994,NA,1985,0,9
"1332","C19",2006,2013,1991,0,15
"1333","C19",2004,2013,1991,0,13
"1334","C19",1999,2013,1991,0,8
"1335","C19",2009,2013,1991,1,18
"1337","C19",2011,2013,1991,0,20
"1338","C19",2012,2013,1991,0,21
"1341","C19",2003,2013,1991,0,12
"1345","C19",2005,2013,1991,0,14
"1348","C19",2002,2013,1991,0,11
"1350","C19",2007,2013,1991,0,16
"1356","C19",2001,2013,1991,0,10
"1359","C19",2000,2013,1991,0,9
"1362","C21",2003,2007,1994,0,9
"1375","C21",2006,2007,1994,1,12
"1378","C21",2002,2007,1994,0,8
"1380","C21",2004,2007,1994,0,10
"1389","C23",2015,NA,1998,1,17
"1394","C23",2017,NA,1998,0,19
"1399","C23",2009,NA,1998,1,11
"1404","C23",2012,NA,1998,0,14
"1405","C23",2006,NA,1998,0,8
"1409","C23",2007,NA,1998,0,9
"1416","C23",2013,NA,1998,0,15
"1420","C23",2011,NA,1998,0,13
"1441","C26",2012,NA,2004,0,8
"1450","C26",2016,NA,2004,0,12
"1453","C26",2017,NA,2004,0,13
"1462","C26",2014,NA,2004,1,10
"1463","D03",1982,1991,1938,0,44
"1464","D03",1986,1991,1938,0,48
"1465","D03",1985,1991,1938,0,47
"1466","D03",1988,1991,1938,0,50
"1467","D03",1984,1991,1938,0,46
"1468","D03",1981,1991,1938,0,43
"1469","D03",1980,1991,1938,0,42
"1470","D03",1983,1991,1938,0,45
"1471","D03",1989,1991,1938,0,51
"1472","D03",1990,1991,1938,0,52
"1473","D03",1987,1991,1938,0,49
"1474","D07",1995,2000,1943,0,52
"1475","D07",1988,2000,1943,0,45
"1476","D07",1994,2000,1943,0,51
"1477","D07",1998,2000,1943,0,55
"1478","D07",1997,2000,1943,0,54
"1480","D07",1990,2000,1943,0,47
"1481","D07",1986,2000,1943,0,43
"1482","D07",1989,2000,1943,0,46
"1483","D07",1992,2000,1943,0,49
"1485","D07",1980,2000,1943,0,37
"1486","D07",1982,2000,1943,0,39
"1487","D07",1981,2000,1943,0,38
"1488","D07",1991,2000,1943,0,48
"1489","D07",1987,2000,1943,0,44
"1490","D07",1984,2000,1943,1,41
"1491","D07",1993,2000,1943,0,50
"1492","D07",1999,2000,1943,0,56
"1493","D07",1996,2000,1943,0,53
"1494","D08",2000,2006,1968,0,32
"1495","D08",1985,2006,1968,0,17
"1496","D08",1998,2006,1968,0,30
"1499","D08",1999,2006,1968,0,31
"1500","D08",2002,2006,1968,0,34
"1501","D08",1987,2006,1968,1,19
"1502","D08",2004,2006,1968,0,36
"1503","D08",1991,2006,1968,0,23
"1504","D08",1989,2006,1968,0,21
"1505","D08",1993,2006,1968,0,25
"1506","D08",2003,2006,1968,0,35
"1508","D08",1984,2006,1968,0,16
"1510","D08",1995,2006,1968,1,27
"1511","D08",2005,2006,1968,0,37
"1512","D08",2001,2006,1968,0,33
"1513","D08",1990,2006,1968,0,22
"1514","D08",1980,2006,1968,0,12
"1515","D08",1982,2006,1968,1,14
"1517","D08",1997,2006,1968,0,29
"1518","D08",1992,2006,1968,0,24
"1520","D09",2012,NA,1971.5,0,40.5
"1521","D09",2005,NA,1971.5,0,33.5
"1522","D09",2002,NA,1971.5,0,30.5
"1523","D09",1993,NA,1971.5,0,21.5
"1524","D09",1997,NA,1971.5,0,25.5
"1525","D09",2008,NA,1971.5,0,36.5
"1526","D09",2015,NA,1971.5,0,43.5
"1527","D09",1994,NA,1971.5,0,22.5
"1528","D09",2010,NA,1971.5,0,38.5
"1529","D09",1998,NA,1971.5,0,26.5
"1530","D09",2011,NA,1971.5,0,39.5
"1531","D09",1987,NA,1971.5,1,15.5
"1532","D09",2001,NA,1971.5,0,29.5
"1533","D09",1989,NA,1971.5,0,17.5
"1534","D09",1999,NA,1971.5,0,27.5
"1535","D09",2007,NA,1971.5,0,35.5
"1536","D09",2006,NA,1971.5,0,34.5
"1537","D09",1992,NA,1971.5,0,20.5
"1538","D09",2017,NA,1971.5,0,45.5
"1539","D09",1985,NA,1971.5,0,13.5
"1540","D09",2016,NA,1971.5,0,44.5
"1541","D09",2009,NA,1971.5,0,37.5
"1542","D09",1981,NA,1971.5,0,9.5
"1543","D09",2013,NA,1971.5,0,41.5
"1544","D09",2004,NA,1971.5,0,32.5
"1545","D09",1991,NA,1971.5,0,19.5
"1546","D09",1983,NA,1971.5,0,11.5
"1547","D09",1980,NA,1971.5,0,8.5
"1548","D09",1990,NA,1971.5,0,18.5
"1549","D09",1995,NA,1971.5,0,23.5
"1552","D09",2000,NA,1971.5,0,28.5
"1553","D09",2003,NA,1971.5,0,31.5
"1554","D09",1984,NA,1971.5,0,12.5
"1555","D09",1982,NA,1971.5,0,10.5
"1556","D09",1996,NA,1971.5,0,24.5
"1557","D09",2014,NA,1971.5,0,42.5
"1558","D10",1997,2013,1978,0,19
"1560","D10",1999,2013,1978,0,21
"1561","D10",2002,2013,1978,0,24
"1562","D10",1987,2013,1978,0,9
"1563","D10",1994,2013,1978,0,16
"1564","D10",2011,2013,1978,0,33
"1565","D10",2012,2013,1978,0,34
"1566","D10",1988,2013,1978,0,10
"1568","D10",1986,2013,1978,0,8
"1569","D10",2007,2013,1978,1,29
"1570","D10",1993,2013,1978,0,15
"1573","D10",1990,2013,1978,0,12
"1574","D10",2009,2013,1978,0,31
"1577","D10",2010,2013,1978,0,32
"1578","D10",1991,2013,1978,0,13
"1579","D10",2005,2013,1978,0,27
"1580","D10",1992,2013,1978,0,14
"1581","D10",1996,2013,1978,0,18
"1582","D10",2001,2013,1978,0,23
"1583","D10",1995,2013,1978,0,17
"1584","D10",1998,2013,1978,0,20
"1585","D10",1989,2013,1978,0,11
"1586","D10",2004,2013,1978,0,26
"1587","D10",2003,2013,1978,0,25
"1589","D10",2000,2013,1978,0,22
"1593","D11",2000,NA,1975,0,25
"1594","D11",2007,NA,1975,1,32
"1596","D11",2013,NA,1975,1,38
"1597","D11",2011,NA,1975,0,36
"1598","D11",1995,NA,1975,0,20
"1600","D11",1984,NA,1975,0,9
"1601","D11",1999,NA,1975,0,24
"1605","D11",1993,NA,1975,0,18
"1606","D11",2017,NA,1975,0,42
"1609","D11",2009,NA,1975,0,34
"1610","D11",1997,NA,1975,0,22
"1611","D11",1987,NA,1975,1,12
"1613","D11",1983,NA,1975,0,8
"1614","D11",2002,NA,1975,0,27
"1615","D11",2010,NA,1975,0,35
"1616","D11",1994,NA,1975,0,19
"1617","D11",2004,NA,1975,1,29
"1620","D11",2015,NA,1975,0,40
"1621","D11",1998,NA,1975,0,23
"1622","D11",2001,NA,1975,0,26
"1623","D11",1990,NA,1975,1,15
"1624","D11",2016,NA,1975,0,41
"1626","D11",1992,NA,1975,0,17
"1627","D11",1985,NA,1975,0,10
"1628","D11",1996,NA,1975,0,21
"1629","D12",1995,NA,1982,0,13
"1630","D12",1994,NA,1982,0,12
"1631","D12",2013,NA,1982,0,31
"1632","D12",2014,NA,1982,0,32
"1633","D12",2004,NA,1982,0,22
"1634","D12",2011,NA,1982,0,29
"1636","D12",1999,NA,1982,1,17
"1639","D12",1991,NA,1982,0,9
"1641","D12",2007,NA,1982,0,25
"1642","D12",2010,NA,1982,0,28
"1644","D12",2000,NA,1982,0,18
"1645","D12",1998,NA,1982,0,16
"1646","D12",2015,NA,1982,0,33
"1647","D12",1997,NA,1982,0,15
"1648","D12",1990,NA,1982,0,8
"1649","D12",2012,NA,1982,0,30
"1650","D12",2009,NA,1982,0,27
"1652","D12",1996,NA,1982,0,14
"1656","D12",2006,NA,1982,0,24
"1657","D12",2002,NA,1982,0,20
"1658","D12",2003,NA,1982,0,21
"1659","D12",1992,NA,1982,0,10
"1660","D12",2008,NA,1982,0,26
"1661","D12",2017,NA,1982,0,35
"1662","D12",2005,NA,1982,0,23
"1663","D12",2016,NA,1982,0,34
"1664","D12",2001,NA,1982,0,19
"1666","D12",1993,NA,1982,0,11
"1669","D13",1995,NA,1984,0,11
"1673","D13",2000,NA,1984,0,16
"1674","D13",2001,NA,1984,0,17
"1678","D13",2009,NA,1984,0,25
"1680","D13",2002,NA,1984,0,18
"1681","D13",2014,NA,1984,0,30
"1682","D13",2003,NA,1984,0,19
"1685","D13",1994,NA,1984,0,10
"1686","D13",1996,NA,1984,0,12
"1687","D13",2017,NA,1984,0,33
"1688","D13",2005,NA,1984,1,21
"1690","D13",1993,NA,1984,0,9
"1691","D13",1992,NA,1984,0,8
"1692","D13",2015,NA,1984,0,31
"1693","D13",2008,NA,1984,0,24
"1694","D13",2007,NA,1984,0,23
"1698","D13",2016,NA,1984,0,32
"1699","D13",1998,NA,1984,1,14
"1700","D13",2010,NA,1984,0,26
"1702","D13",2012,NA,1984,1,28
"1707","D15",2003,2008,1987,0,16
"1708","D15",2001,2008,1987,0,14
"1709","D15",1996,2008,1987,0,9
"1711","D15",2006,2008,1987,0,19
"1713","D15",2002,2008,1987,0,15
"1714","D15",2007,2008,1987,0,20
"1716","D15",1997,2008,1987,0,10
"1720","D15",2004,2008,1987,0,17
"1723","D15",1995,2008,1987,0,8
"1725","D15",2005,2008,1987,0,18
"1726","D15",1998,2008,1987,0,11
"1730","D15",2000,2008,1987,0,13
"1732","D15",1999,2008,1987,0,12
"1735","D17",2002,NA,1990,0,12
"1739","D17",1999,NA,1990,0,9
"1743","D17",2000,NA,1990,0,10
"1744","D17",2017,NA,1990,0,27
"1745","D17",2015,NA,1990,1,25
"1749","D17",2004,NA,1990,1,14
"1750","D17",2013,NA,1990,0,23
"1752","D17",1998,NA,1990,0,8
"1754","D17",2001,NA,1990,0,11
"1756","D17",2008,NA,1990,0,18
"1757","D17",2006,NA,1990,0,16
"1764","D17",2010,NA,1990,1,20
"1766","D17",2012,NA,1990,0,22
"1770","D17",2007,NA,1990,0,17
"1775","D19",2015,NA,1998,1,17
"1776","D19",2013,NA,1998,0,15
"1778","D19",2006,NA,1998,0,8
"1786","D19",2017,NA,1998,0,19
"1788","D19",2011,NA,1998,0,13
"1793","D19",2008,NA,1998,0,10
"1795","D19",2007,NA,1998,0,9
"1798","D19",2012,NA,1998,0,14
"1801","D19",2010,NA,1998,0,12
"1808","D19",2009,NA,1998,0,11
"1809","D20",2016,NA,1999,0,17
"1815","D20",2017,NA,1999,0,18
"1825","D20",2014,NA,1999,1,15
"1831","D20",2010,NA,1999,0,11
"1834","D20",2008,NA,1999,0,9
"1836","D20",2007,NA,1999,0,8
"1838","D20",2012,NA,1999,0,13
"1842","D20",2011,NA,1999,0,12
"1844","D20",2009,NA,1999,0,10
"1848","G02",1996,NA,1962,0,34
"1849","G02",1998,NA,1962,0,36
"1850","G02",2016,NA,1962,0,54
"1854","G02",2014,NA,1962,0,52
"1855","G02",2000,NA,1962,0,38
"1856","G02",1994,NA,1962,1,32
"1857","G02",2003,NA,1962,0,41
"1858","G02",1991,NA,1962,0,29
"1859","G02",1987,NA,1962,0,25
"1860","G02",1983,NA,1962,0,21
"1861","G02",2011,NA,1962,0,49
"1863","G02",1985,NA,1962,1,23
"1864","G02",1989,NA,1962,1,27
"1865","G02",1992,NA,1962,0,30
"1866","G02",2008,NA,1962,0,46
"1868","G02",1981,NA,1962,1,19
"1869","G02",2013,NA,1962,0,51
"1871","G02",2007,NA,1962,0,45
"1872","G02",2002,NA,1962,0,40
"1873","G02",1999,NA,1962,0,37
"1875","G02",2015,NA,1962,0,53
"1876","G02",2009,NA,1962,0,47
"1877","G02",2001,NA,1962,0,39
"1878","G02",1997,NA,1962,0,35
"1880","G02",2012,NA,1962,0,50
"1881","G02",2017,NA,1962,0,55
"1883","G02",2010,NA,1962,0,48
"1884","G02",2005,NA,1962,1,43
"1886","G03",2000,NA,1957,0,43
"1887","G03",1986,NA,1957,0,29
"1888","G03",1995,NA,1957,0,38
"1889","G03",1996,NA,1957,0,39
"1891","G03",1987,NA,1957,0,30
"1892","G03",2013,NA,1957,0,56
"1893","G03",1991,NA,1957,0,34
"1894","G03",2008,NA,1957,0,51
"1895","G03",2001,NA,1957,0,44
"1896","G03",1984,NA,1957,0,27
"1897","G03",2006,NA,1957,0,49
"1898","G03",2014,NA,1957,0,57
"1899","G03",1998,NA,1957,0,41
"1900","G03",1989,NA,1957,1,32
"1901","G03",2004,NA,1957,0,47
"1902","G03",2011,NA,1957,0,54
"1903","G03",1992,NA,1957,0,35
"1904","G03",1982,NA,1957,1,25
"1905","G03",1997,NA,1957,0,40
"1906","G03",2016,NA,1957,0,59
"1907","G03",2012,NA,1957,0,55
"1908","G03",2017,NA,1957,0,60
"1909","G03",2015,NA,1957,0,58
"1910","G03",1993,NA,1957,0,36
"1911","G03",1994,NA,1957,0,37
"1912","G03",2003,NA,1957,0,46
"1913","G03",2010,NA,1957,0,53
"1914","G03",1999,NA,1957,0,42
"1916","G03",2002,NA,1957,0,45
"1918","G03",1985,NA,1957,0,28
"1920","G03",2007,NA,1957,0,50
"1921","G03",2009,NA,1957,0,52
"1922","G03",2005,NA,1957,0,48
"1923","G04",1982,2006,1948,0,34
"1924","G04",1986,2006,1948,0,38
"1925","G04",1988,2006,1948,0,40
"1926","G04",1987,2006,1948,0,39
"1927","G04",1992,2006,1948,0,44
"1928","G04",2001,2006,1948,0,53
"1929","G04",2000,2006,1948,0,52
"1930","G04",2004,2006,1948,0,56
"1931","G04",1991,2006,1948,0,43
"1932","G04",1985,2006,1948,0,37
"1933","G04",1995,2006,1948,0,47
"1934","G04",2003,2006,1948,0,55
"1935","G04",1984,2006,1948,0,36
"1936","G04",2002,2006,1948,0,54
"1937","G04",1999,2006,1948,0,51
"1938","G04",1997,2006,1948,0,49
"1939","G04",1996,2006,1948,0,48
"1940","G04",1990,2006,1948,0,42
"1941","G04",1983,2006,1948,0,35
"1942","G04",1980,2006,1948,0,32
"1943","G04",1998,2006,1948,0,50
"1944","G04",1994,2006,1948,0,46
"1945","G04",1993,2006,1948,0,45
"1946","G04",1989,2006,1948,0,41
"1947","G04",1981,2006,1948,0,33
"1948","G04",2005,2006,1948,0,57
"1949","G08",1990,2001,1971,1,19
"1950","G08",1994,2001,1971,0,23
"1951","G08",1999,2001,1971,1,28
"1952","G08",1996,2001,1971,0,25
"1953","G08",1987,2001,1971,0,16
"1954","G08",1982,2001,1971,0,11
"1956","G08",2000,2001,1971,0,29
"1957","G08",1983,2001,1971,0,12
"1959","G08",1997,2001,1971,0,26
"1960","G08",1993,2001,1971,0,22
"1961","G08",1985,2001,1971,1,14
"1962","G08",1995,2001,1971,0,24
"1963","G08",1981,2001,1971,0,10
"1964","G08",1988,2001,1971,0,17
"1966","G08",1992,2001,1971,0,21
"1967","G08",1980,2001,1971,0,9
"1968","G08",1998,2001,1971,0,27
"1970","G12",1984,1989,1956,0,28
"1971","G12",1982,1989,1956,0,26
"1972","G12",1986,1989,1956,1,30
"1973","G12",1988,1989,1956,0,32
"1974","G12",1981,1989,1956,0,25
"1976","G12",1980,1989,1956,0,24
"1977","G12",1983,1989,1956,0,27
"1979","G16",1988,1998,1972,0,16
"1980","G16",1983,1998,1972,0,11
"1983","G16",1992,1998,1972,0,20
"1984","G16",1995,1998,1972,0,23
"1986","G16",1986,1998,1972,1,14
"1987","G16",1994,1998,1972,0,22
"1988","G16",1990,1998,1972,0,18
"1989","G16",1989,1998,1972,0,17
"1990","G16",1984,1998,1972,0,12
"1991","G16",1981,1998,1972,0,9
"1993","G16",1997,1998,1972,0,25
"1994","G16",1996,1998,1972,0,24
"1995","G16",1982,1998,1972,0,10
"1996","G16",1980,1998,1972,0,8
"1997","G17",1986,2001,1950,1,36
"1998","G17",1990,2001,1950,0,40
"1999","G17",1996,2001,1950,0,46
"2000","G17",1997,2001,1950,0,47
"2001","G17",1999,2001,1950,0,49
"2002","G17",1984,2001,1950,0,34
"2003","G17",1988,2001,1950,0,38
"2004","G17",1991,2001,1950,0,41
"2005","G17",1989,2001,1950,0,39
"2006","G17",2000,2001,1950,0,50
"2007","G17",1983,2001,1950,0,33
"2008","G17",1995,2001,1950,0,45
"2009","G17",1998,2001,1950,0,48
"2010","G17",1994,2001,1950,0,44
"2011","G17",1992,2001,1950,0,42
"2013","G17",1993,2001,1950,0,43
"2014","G17",1980,2001,1950,1,30
"2016","G17",1982,2001,1950,0,32
"2019","G18",1983,1989,1947,0,36
"2020","G18",1981,1989,1947,1,34
"2022","G18",1987,1989,1947,0,40
"2023","G18",1984,1989,1947,0,37
"2024","G18",1985,1989,1947,0,38
"2025","G18",1986,1989,1947,0,39
"2026","G18",1988,1989,1947,0,41
"2029","G20",2017,NA,1972,0,45
"2030","G20",2006,NA,1972,0,34
"2032","G20",2011,NA,1972,0,39
"2034","G20",1994,NA,1972,1,22
"2036","G20",1998,NA,1972,1,26
"2038","G20",1980,NA,1972,0,8
"2039","G20",1987,NA,1972,0,15
"2041","G20",2007,NA,1972,0,35
"2042","G20",1981,NA,1972,0,9
"2043","G20",2012,NA,1972,0,40
"2046","G20",2001,NA,1972,1,29
"2047","G20",2016,NA,1972,0,44
"2048","G20",1996,NA,1972,0,24
"2049","G20",2004,NA,1972,1,32
"2051","G20",1986,NA,1972,0,14
"2054","G20",2009,NA,1972,1,37
"2055","G20",2015,NA,1972,0,43
"2056","G20",1992,NA,1972,0,20
"2057","G20",1984,NA,1972,1,12
"2058","G20",1990,NA,1972,1,18
"2059","G20",1988,NA,1972,0,16
"2060","G20",2013,NA,1972,0,41
"2063","G20",2014,NA,1972,0,42
"2064","G20",1982,NA,1972,0,10
"2066","G22",1999,NA,1979,0,20
"2067","G22",1989,NA,1979,0,10
"2069","G22",2012,NA,1979,1,33
"2072","G22",1996,NA,1979,0,17
"2073","G22",2001,NA,1979,1,22
"2076","G22",2010,NA,1979,0,31
"2078","G22",2015,NA,1979,0,36
"2079","G22",2008,NA,1979,1,29
"2082","G22",1994,NA,1979,0,15
"2083","G22",1990,NA,1979,0,11
"2086","G22",2003,NA,1979,0,24
"2088","G22",1988,NA,1979,0,9
"2089","G22",1997,NA,1979,0,18
"2092","G22",2005,NA,1979,1,26
"2093","G22",2014,NA,1979,0,35
"2096","G22",1987,NA,1979,0,8
"2098","G22",1998,NA,1979,0,19
"2100","G22",2017,NA,1979,1,38
"2101","G22",1995,NA,1979,0,16
"2102","G22",1992,NA,1979,1,13
"2103","G23",1995,2011,1980,1,15
"2104","G23",1991,2011,1980,1,11
"2109","G23",1988,2011,1980,0,8
"2111","G23",2003,2011,1980,0,23
"2112","G23",2005,2011,1980,1,25
"2113","G23",1997,2011,1980,0,17
"2116","G23",2008,2011,1980,0,28
"2117","G23",2010,2011,1980,0,30
"2118","G23",2009,2011,1980,0,29
"2119","G23",1999,2011,1980,0,19
"2121","G23",1998,2011,1980,0,18
"2122","G23",1989,2011,1980,0,9
"2123","G23",2007,2011,1980,0,27
"2124","G23",2001,2011,1980,1,21
"2127","G23",1993,2011,1980,0,13
"2134","G24",1990,1994,1942,0,48
"2135","G24",1980,1994,1942,0,38
"2136","G24",1985,1994,1942,0,43
"2137","G24",1991,1994,1942,0,49
"2138","G24",1992,1994,1942,0,50
"2139","G24",1982,1994,1942,0,40
"2140","G24",1984,1994,1942,0,42
"2141","G24",1983,1994,1942,0,41
"2142","G24",1981,1994,1942,0,39
"2143","G24",1993,1994,1942,0,51
"2144","G24",1988,1994,1942,0,46
"2145","G24",1986,1994,1942,0,44
"2146","G24",1989,1994,1942,0,47
"2147","G24",1987,1994,1942,0,45
"2148","G25",1996,2009,1975,0,21
"2151","G25",2006,2009,1975,0,31
"2152","G25",1994,2009,1975,0,19
"2154","G25",1985,2009,1975,0,10
"2156","G25",2000,2009,1975,0,25
"2158","G25",1998,2009,1975,1,23
"2159","G25",2008,2009,1975,1,33
"2162","G25",1983,2009,1975,0,8
"2165","G25",2002,2009,1975,0,27
"2168","G25",1984,2009,1975,0,9
"2169","G25",1995,2009,1975,0,20
"2170","G25",1987,2009,1975,1,12
"2171","G25",1990,2009,1975,0,15
"2172","G25",2004,2009,1975,1,29
"2173","G25",1992,2009,1975,1,17
"2174","G25",1989,2009,1975,0,14
"2175","G25",2001,2009,1975,0,26
"2177","G27",1994,NA,1973.5,0,20.5
"2180","G27",2005,NA,1973.5,1,31.5
"2181","G27",2002,NA,1973.5,0,28.5
"2182","G27",2012,NA,1973.5,1,38.5
"2183","G27",1987,NA,1973.5,1,13.5
"2186","G27",2007,NA,1973.5,0,33.5
"2187","G27",1993,NA,1973.5,0,19.5
"2191","G27",1998,NA,1973.5,0,24.5
"2192","G27",2009,NA,1973.5,0,35.5
"2193","G27",1985,NA,1973.5,0,11.5
"2194","G27",2017,NA,1973.5,0,43.5
"2195","G27",1990,NA,1973.5,0,16.5
"2196","G27",1991,NA,1973.5,0,17.5
"2197","G27",1984,NA,1973.5,0,10.5
"2198","G27",2008,NA,1973.5,0,34.5
"2199","G27",1989,NA,1973.5,0,15.5
"2201","G27",2000,NA,1973.5,1,26.5
"2202","G27",1982,NA,1973.5,0,8.5
"2204","G27",2015,NA,1973.5,0,41.5
"2205","G27",1992,NA,1973.5,0,18.5
"2208","G27",2016,NA,1973.5,0,42.5
"2209","G27",2014,NA,1973.5,0,40.5
"2211","G27",2003,NA,1973.5,0,29.5
"2212","G27",2010,NA,1973.5,0,36.5
"2213","G27",1983,NA,1973.5,0,9.5
"2214","G27",1996,NA,1973.5,1,22.5
"2215","G29",2012,2013,1970.5,0,41.5
"2216","G29",2008,2013,1970.5,1,37.5
"2217","G29",1982,2013,1970.5,0,11.5
"2218","G29",1997,2013,1970.5,0,26.5
"2219","G29",2011,2013,1970.5,0,40.5
"2221","G29",2006,2013,1970.5,0,35.5
"2222","G29",1981,2013,1970.5,0,10.5
"2223","G29",2010,2013,1970.5,0,39.5
"2224","G29",1983,2013,1970.5,0,12.5
"2225","G29",1995,2013,1970.5,0,24.5
"2227","G29",1994,2013,1970.5,0,23.5
"2228","G29",2005,2013,1970.5,0,34.5
"2229","G29",1993,2013,1970.5,0,22.5
"2230","G29",1999,2013,1970.5,0,28.5
"2232","G29",1985,2013,1970.5,0,14.5
"2233","G29",2003,2013,1970.5,0,32.5
"2234","G29",2002,2013,1970.5,0,31.5
"2237","G29",1984,2013,1970.5,0,13.5
"2238","G29",1986,2013,1970.5,0,15.5
"2239","G29",1980,2013,1970.5,0,9.5
"2240","G29",2000,2013,1970.5,0,29.5
"2241","G29",1988,2013,1970.5,1,17.5
"2242","G29",1998,2013,1970.5,0,27.5
"2244","G29",2001,2013,1970.5,0,30.5
"2245","G29",1996,2013,1970.5,0,25.5
"2246","G29",1991,2013,1970.5,1,20.5
"2247","G29",2004,2013,1970.5,0,33.5
"2248","G30",1981,1989,1917,0,64
"2249","G30",1983,1989,1917,0,66
"2250","G30",1985,1989,1917,0,68
"2251","G30",1980,1989,1917,0,63
"2252","G30",1987,1989,1917,0,70
"2253","G30",1986,1989,1917,0,69
"2254","G30",1988,1989,1917,0,71
"2255","G30",1984,1989,1917,0,67
"2256","G30",1982,1989,1917,0,65
"2259","G31",2014,NA,1981,0,33
"2262","G31",1999,NA,1981,1,18
"2263","G31",1994,NA,1981,1,13
"2264","G31",1991,NA,1981,0,10
"2265","G31",2016,NA,1981,0,35
"2266","G31",2017,NA,1981,0,36
"2268","G31",2011,NA,1981,1,30
"2269","G31",1989,NA,1981,0,8
"2270","G31",2013,NA,1981,0,32
"2271","G31",1992,NA,1981,0,11
"2272","G31",2015,NA,1981,0,34
"2274","G31",2007,NA,1981,1,26
"2275","G31",2003,NA,1981,0,22
"2278","G31",1990,NA,1981,0,9
"2279","G31",2009,NA,1981,0,28
"2280","G31",1998,NA,1981,0,17
"2282","G31",2004,NA,1981,0,23
"2283","G31",2002,NA,1981,0,21
"2286","G31",1997,NA,1981,0,16
"2287","G31",2000,NA,1981,0,19
"2288","G31",2001,NA,1981,0,20
"2289","G31",1996,NA,1981,0,15
"2292","G31",2005,NA,1981,0,24
"2295","G34",2012,2013,1977,0,35
"2297","G34",2006,2013,1977,0,29
"2298","G34",1987,2013,1977,0,10
"2299","G34",1988,2013,1977,0,11
"2302","G34",2011,2013,1977,0,34
"2303","G34",1997,2013,1977,0,20
"2305","G34",1990,2013,1977,1,13
"2308","G34",2008,2013,1977,1,31
"2310","G34",1999,2013,1977,0,22
"2311","G34",2010,2013,1977,0,33
"2312","G34",1992,2013,1977,0,15
"2314","G34",1996,2013,1977,0,19
"2316","G34",1994,2013,1977,1,17
"2318","G34",1998,2013,1977,0,21
"2319","G34",2005,2013,1977,0,28
"2320","G34",2003,2013,1977,1,26
"2321","G34",1985,2013,1977,0,8
"2324","G34",2001,2013,1977,0,24
"2326","G34",2000,2013,1977,0,23
"2327","G34",1986,2013,1977,0,9
"2329","G37",1999,NA,1984,1,15
"2332","G37",2014,NA,1984,0,30
"2333","G37",2000,NA,1984,0,16
"2335","G37",2004,NA,1984,0,20
"2338","G37",1995,NA,1984,0,11
"2339","G37",1996,NA,1984,0,12
"2341","G37",2002,NA,1984,0,18
"2344","G37",2003,NA,1984,0,19
"2345","G37",2009,NA,1984,0,25
"2346","G37",2015,NA,1984,0,31
"2347","G37",2001,NA,1984,0,17
"2348","G37",1994,NA,1984,0,10
"2349","G37",1998,NA,1984,0,14
"2350","G37",1992,NA,1984,0,8
"2354","G37",2010,NA,1984,0,26
"2356","G37",2008,NA,1984,0,24
"2357","G37",2017,NA,1984,0,33
"2358","G37",2016,NA,1984,0,32
"2360","G37",2012,NA,1984,1,28
"2361","G37",1993,NA,1984,0,9
"2362","G37",1997,NA,1984,0,13
"2365","G37",2006,NA,1984,1,22
"2373","G41",2000,NA,1987,0,13
"2374","G41",1998,NA,1987,0,11
"2375","G41",2005,NA,1987,1,18
"2378","G41",1997,NA,1987,0,10
"2381","G41",2002,NA,1987,0,15
"2382","G41",2013,NA,1987,0,26
"2383","G41",2010,NA,1987,0,23
"2384","G41",2003,NA,1987,0,16
"2385","G41",2014,NA,1987,0,27
"2386","G41",2001,NA,1987,0,14
"2392","G41",2012,NA,1987,0,25
"2393","G41",2016,NA,1987,1,29
"2394","G41",1996,NA,1987,0,9
"2395","G41",2011,NA,1987,0,24
"2397","G41",1999,NA,1987,0,12
"2399","G41",2008,NA,1987,1,21
"2401","G41",1995,NA,1987,0,8
"2405","G46",2004,NA,1991,0,13
"2407","G46",1999,NA,1991,0,8
"2408","G46",2014,NA,1991,0,23
"2409","G46",2015,NA,1991,0,24
"2412","G46",2013,NA,1991,0,22
"2415","G46",2001,NA,1991,0,10
"2417","G46",2017,NA,1991,0,26
"2418","G46",2012,NA,1991,0,21
"2420","G46",2000,NA,1991,0,9
"2421","G46",2008,NA,1991,0,17
"2422","G46",2011,NA,1991,0,20
"2423","G46",2002,NA,1991,0,11
"2428","G46",2009,NA,1991,0,18
"2432","G46",2006,NA,1991,0,15
"2434","G46",2010,NA,1991,0,19
"2439","G46",2007,NA,1991,0,16
"2441","G46",2016,NA,1991,0,25
"2442","G48",2016,NA,1990,0,26
"2445","G48",1998,NA,1990,0,8
"2447","G48",2004,NA,1990,0,14
"2453","G48",2013,NA,1990,1,23
"2454","G48",2000,NA,1990,0,10
"2456","G48",2001,NA,1990,0,11
"2457","G48",2017,NA,1990,0,27
"2458","G48",2015,NA,1990,0,25
"2460","G48",1999,NA,1990,0,9
"2463","G48",2011,NA,1990,0,21
"2464","G48",2003,NA,1990,0,13
"2466","G48",2002,NA,1990,0,12
"2473","G48",2009,NA,1990,0,19
"2474","G48",2005,NA,1990,0,15
"2477","G48",2010,NA,1990,0,20
"2479","G48",2007,NA,1990,1,17
"2482","G49",2016,2017,1990,0,26
"2485","G49",2013,2017,1990,0,23
"2488","G49",2001,2017,1990,0,11
"2494","G49",2003,2017,1990,0,13
"2499","G49",1999,2017,1990,0,9
"2500","G49",2015,2017,1990,0,25
"2501","G49",2007,2017,1990,0,17
"2502","G49",2008,2017,1990,0,18
"2503","G49",2000,2017,1990,0,10
"2506","G49",2011,2017,1990,1,21
"2507","G49",2005,2017,1990,1,15
"2510","G49",2014,2017,1990,0,24
"2511","G49",2002,2017,1990,0,12
"2512","G49",2009,2017,1990,0,19
"2515","G49",1998,2017,1990,0,8
"2521","G50",2015,NA,1991,1,24
"2523","G50",2011,NA,1991,1,20
"2524","G50",2003,NA,1991,0,12
"2525","G50",2004,NA,1991,0,13
"2528","G50",1999,NA,1991,0,8
"2529","G50",2009,NA,1991,0,18
"2531","G50",2000,NA,1991,0,9
"2533","G50",2001,NA,1991,0,10
"2537","G50",2017,NA,1991,0,26
"2538","G50",2013,NA,1991,1,22
"2543","G50",2007,NA,1991,0,16
"2546","G50",2008,NA,1991,0,17
"2547","G50",2006,NA,1991,0,15
"2552","G50",2002,NA,1991,0,11
"2554","G50",2005,NA,1991,0,14
"2555","G51",2017,NA,1992,0,25
"2557","G51",2010,NA,1992,0,18
"2558","G51",2009,NA,1992,0,17
"2560","G51",2011,NA,1992,0,19
"2565","G51",2004,NA,1992,0,12
"2567","G51",2012,NA,1992,0,20
"2568","G51",2006,NA,1992,1,14
"2569","G51",2008,NA,1992,0,16
"2571","G51",2003,NA,1992,0,11
"2573","G51",2014,NA,1992,1,22
"2581","G51",2002,NA,1992,0,10
"2583","G51",2001,NA,1992,0,9
"2585","G51",2016,NA,1992,0,24
"2590","G51",2000,NA,1992,0,8
"2593","G52",2017,NA,1992.5,0,24.5
"2594","G52",2006,NA,1992.5,0,13.5
"2600","G52",2012,NA,1992.5,0,19.5
"2604","G52",2014,NA,1992.5,0,21.5
"2605","G52",2008,NA,1992.5,1,15.5
"2607","G52",2010,NA,1992.5,1,17.5
"2609","G52",2003,NA,1992.5,0,10.5
"2610","G52",2016,NA,1992.5,0,23.5
"2613","G52",2004,NA,1992.5,0,11.5
"2616","G52",2013,NA,1992.5,0,20.5
"2617","G52",2015,NA,1992.5,0,22.5
"2620","G52",2001,NA,1992.5,0,8.5
"2624","G52",2005,NA,1992.5,0,12.5
"2627","G52",2002,NA,1992.5,0,9.5
"2635","G53",2014,NA,1994,0,20
"2637","G53",2017,NA,1994,0,23
"2638","G53",2005,NA,1994,0,11
"2640","G53",2010,NA,1994,0,16
"2642","G53",2015,NA,1994,0,21
"2643","G53",2007,NA,1994,1,13
"2644","G53",2003,NA,1994,0,9
"2646","G53",2012,NA,1994,1,18
"2651","G53",2004,NA,1994,0,10
"2653","G53",2009,NA,1994,0,15
"2664","G53",2016,NA,1994,0,22
"2668","G53",2002,NA,1994,0,8
"2670","G54",2017,NA,1994,0,23
"2674","G54",2005,NA,1994,0,11
"2678","G54",2012,NA,1994,1,18
"2686","G54",2006,NA,1994,0,12
"2688","G54",2004,NA,1994,0,10
"2689","G54",2003,NA,1994,0,9
"2692","G54",2015,NA,1994,0,21
"2695","G54",2010,NA,1994,0,16
"2697","G54",2002,NA,1994,0,8
"2698","G54",2016,NA,1994,0,22
"2703","G54",2008,NA,1994,1,14
"2705","G54",2014,NA,1994,0,20
"2707","G58",2014,NA,1996,0,18
"2712","G58",2005,NA,1996,0,9
"2721","G58",2009,NA,1996,0,13
"2722","G58",2011,NA,1996,1,15
"2726","G58",2007,NA,1996,0,11
"2728","G58",2004,NA,1996,0,8
"2732","G58",2006,NA,1996,0,10
"2733","G58",2016,NA,1996,0,20
"2738","G58",2013,NA,1996,0,17
"2741","G58",2015,NA,1996,0,19
"2742","G58",2008,NA,1996,0,12
"2743","G58",2017,NA,1996,1,21
"2747","G62",2013,NA,1999,0,14
"2752","G62",2012,NA,1999,0,13
"2757","G62",2017,NA,1999,1,18
"2758","G62",2015,NA,1999,0,16
"2762","G62",2011,NA,1999,0,12
"2763","G62",2010,NA,1999,0,11
"2770","G62",2009,NA,1999,0,10
"2772","G62",2008,NA,1999,0,9
"2775","G62",2007,NA,1999,0,8
"2777","G62",2014,NA,1999,0,15
"2794","G63",2015,NA,1999,1,16
"2795","G63",2012,NA,1999,0,13
"2797","G63",2013,NA,1999,0,14
"2799","G63",2007,NA,1999,0,8
"2802","G63",2017,NA,1999,0,18
"2814","G63",2010,NA,1999,1,11
"2816","G63",2008,NA,1999,0,9
"2823","G64",2014,NA,2000,0,14
"2824","G64",2015,NA,2000,0,15
"2830","G64",2016,NA,2000,0,16
"2837","G64",2010,NA,2000,0,10
"2841","G64",2008,NA,2000,0,8
"2843","G64",2017,NA,2000,0,17
"2849","G64",2012,NA,2000,1,12
"2851","G64",2009,NA,2000,0,9
"2862","G65",2016,NA,2001,0,15
"2872","G65",2011,NA,2001,0,10
"2875","G65",2015,NA,2001,0,14
"2877","G65",2012,NA,2001,0,11
"2878","G65",2017,NA,2001,0,16
"2879","G65",2014,NA,2001,0,13
"2881","G65",2009,NA,2001,0,8
"2883","G65",2013,NA,2001,0,12
"2893","G65",2010,NA,2001,0,9
"2906","G69",2017,NA,2001,0,16
"2907","G69",2016,NA,2001,0,15
"2912","G69",2010,NA,2001,0,9
"2917","G69",2009,NA,2001,0,8
"2920","G69",2014,NA,2001,1,13
"2927","G69",2011,NA,2001,0,10
"2928","G69",2012,NA,2001,0,11
"2941","G82",2016,NA,2007,0,9
"2947","G82",2017,NA,2007,0,10
"2972","G82",2015,NA,2007,0,8
"3012","H03",1986,2000,1960,1,26
"3013","H03",1989,2000,1960,0,29
"3014","H03",1988,2000,1960,0,28
"3015","H03",1994,2000,1960,1,34
"3016","H03",1991,2000,1960,0,31
"3017","H03",1996,2000,1960,0,36
"3019","H03",1998,2000,1960,0,38
"3021","H03",1983,2000,1960,0,23
"3023","H03",1990,2000,1960,0,30
"3024","H03",1984,2000,1960,0,24
"3026","H03",1992,2000,1960,0,32
"3027","H03",1981,2000,1960,1,21
"3029","H03",1999,2000,1960,0,39
"3030","H03",1997,2000,1960,0,37
"3031","H05",1994,NA,1973,0,21
"3035","H05",1986,NA,1973,0,13
"3036","H05",2017,NA,1973,0,44
"3037","H05",2002,NA,1973,0,29
"3038","H05",2006,NA,1973,0,33
"3039","H05",2007,NA,1973,0,34
"3040","H05",1997,NA,1973,0,24
"3041","H05",2010,NA,1973,0,37
"3042","H05",1993,NA,1973,0,20
"3043","H05",1992,NA,1973,0,19
"3044","H05",1998,NA,1973,0,25
"3045","H05",2008,NA,1973,0,35
"3046","H05",2011,NA,1973,0,38
"3047","H05",1991,NA,1973,0,18
"3048","H05",2012,NA,1973,0,39
"3049","H05",1984,NA,1973,0,11
"3050","H05",1981,NA,1973,0,8
"3051","H05",2009,NA,1973,0,36
"3052","H05",1990,NA,1973,0,17
"3055","H05",1985,NA,1973,0,12
"3056","H05",2004,NA,1973,1,31
"3057","H05",1982,NA,1973,0,9
"3058","H05",2013,NA,1973,0,40
"3059","H05",1995,NA,1973,0,22
"3061","H05",2000,NA,1973,1,27
"3062","H05",2015,NA,1973,0,42
"3063","H05",1996,NA,1973,0,23
"3064","H05",1983,NA,1973,0,10
"3065","H05",2016,NA,1973,0,43
"3067","H05",2014,NA,1973,0,41
"3068","H05",1988,NA,1973,1,15
"3069","H06",1995,2000,1943,0,52
"3070","H06",1994,2000,1943,0,51
"3071","H06",1988,2000,1943,0,45
"3072","H06",1983,2000,1943,0,40
"3073","H06",1987,2000,1943,0,44
"3074","H06",1998,2000,1943,0,55
"3075","H06",1980,2000,1943,0,37
"3076","H06",1981,2000,1943,0,38
"3077","H06",1990,2000,1943,0,47
"3078","H06",1997,2000,1943,0,54
"3079","H06",1986,2000,1943,0,43
"3080","H06",1989,2000,1943,0,46
"3081","H06",1992,2000,1943,0,49
"3082","H06",1985,2000,1943,0,42
"3083","H06",1982,2000,1943,0,39
"3084","H06",1999,2000,1943,0,56
"3085","H06",1993,2000,1943,0,50
"3086","H06",1991,2000,1943,0,48
"3087","H06",1984,2000,1943,0,41
"3088","H06",1996,2000,1943,0,53
"3090","H08",1994,2009,1986,0,8
"3091","H08",2003,2009,1986,0,17
"3094","H08",1998,2009,1986,0,12
"3097","H08",1995,2009,1986,0,9
"3098","H08",1999,2009,1986,0,13
"3101","H08",2002,2009,1986,0,16
"3102","H08",2007,2009,1986,0,21
"3104","H08",2008,2009,1986,0,22
"3105","H08",2000,2009,1986,0,14
"3106","H08",2005,2009,1986,1,19
"3107","H08",1996,2009,1986,0,10
"3109","H08",1997,2009,1986,0,11
"3112","H08",2001,2009,1986,0,15
"3120","H09",2014,NA,1988,0,26
"3124","H09",2012,NA,1988,1,24
"3126","H09",2006,NA,1988,0,18
"3127","H09",2016,NA,1988,0,28
"3128","H09",2004,NA,1988,0,16
"3129","H09",1999,NA,1988,0,11
"3135","H09",2008,NA,1988,1,20
"3136","H09",1997,NA,1988,0,9
"3138","H09",2015,NA,1988,0,27
"3140","H09",2000,NA,1988,0,12
"3141","H09",2017,NA,1988,0,29
"3142","H09",2002,NA,1988,1,14
"3149","H09",1998,NA,1988,0,10
"3151","H09",2010,NA,1988,0,22
"3152","H09",2005,NA,1988,0,17
"3153","H09",1996,NA,1988,0,8
"3157","H12",2016,NA,2002,0,14
"3158","H12",2013,NA,2002,1,11
"3162","H12",2017,NA,2002,0,15
"3168","H12",2011,NA,2002,0,9
"3182","H12",2015,NA,2002,0,13
"3190","H12",2010,NA,2002,0,8
"3194","I01",1985,1997,1953,0,32
"3195","I01",1988,1997,1953,0,35
"3196","I01",1991,1997,1953,0,38
"3197","I01",1986,1997,1953,0,33
"3198","I01",1995,1997,1953,0,42
"3199","I01",1993,1997,1953,0,40
"3201","I01",1994,1997,1953,0,41
"3202","I01",1984,1997,1953,0,31
"3203","I01",1990,1997,1953,0,37
"3204","I01",1980,1997,1953,1,27
"3205","I01",1989,1997,1953,0,36
"3206","I01",1996,1997,1953,0,43
"3207","I01",1992,1997,1953,0,39
"3208","I01",1987,1997,1953,0,34
"3209","I01",1983,1997,1953,0,30
"3210","I01",1982,1997,1953,0,29
"3211","I02",1984,1994,1929,0,55
"3212","I02",1981,1994,1929,0,52
"3213","I02",1982,1994,1929,0,53
"3214","I02",1991,1994,1929,0,62
"3215","I02",1990,1994,1929,0,61
"3216","I02",1985,1994,1929,0,56
"3217","I02",1988,1994,1929,0,59
"3218","I02",1983,1994,1929,0,54
"3219","I02",1993,1994,1929,0,64
"3220","I02",1980,1994,1929,0,51
"3221","I02",1986,1994,1929,0,57
"3222","I02",1989,1994,1929,0,60
"3223","I02",1992,1994,1929,0,63
"3224","I02",1987,1994,1929,0,58
"3225","I04",2013,NA,1980,0,33
"3226","I04",1993,NA,1980,0,13
"3227","I04",2009,NA,1980,0,29
"3228","I04",2015,NA,1980,0,35
"3230","I04",2011,NA,1980,0,31
"3233","I04",2007,NA,1980,0,27
"3234","I04",2006,NA,1980,0,26
"3235","I04",1997,NA,1980,1,17
"3236","I04",1989,NA,1980,0,9
"3237","I04",1990,NA,1980,0,10
"3240","I04",2012,NA,1980,0,32
"3242","I04",2008,NA,1980,0,28
"3243","I04",2017,NA,1980,0,37
"3244","I04",2000,NA,1980,0,20
"3248","I04",2010,NA,1980,0,30
"3249","I04",2005,NA,1980,0,25
"3250","I04",2003,NA,1980,1,23
"3252","I04",2014,NA,1980,0,34
"3253","I04",1992,NA,1980,0,12
"3256","I04",1995,NA,1980,0,15
"3257","I04",1994,NA,1980,0,14
"3258","I04",2001,NA,1980,0,21
"3259","I04",2016,NA,1980,0,36
"3260","I04",1991,NA,1980,0,11
"3261","I04",1988,NA,1980,0,8
"3262","I04",1999,NA,1980,0,19
"3264","I07",1980,1993,1969,0,11
"3265","I07",1990,1993,1969,0,21
"3266","I07",1983,1993,1969,1,14
"3267","I07",1988,1993,1969,1,19
"3268","I07",1985,1993,1969,0,16
"3269","I07",1981,1993,1969,0,12
"3270","I07",1992,1993,1969,0,23
"3272","I07",1986,1993,1969,0,17
"3274","I07",1991,1993,1969,0,22
"3285","I100",2017,NA,2003,0,14
"3289","I100",2011,NA,2003,0,8
"3290","I100",2013,NA,2003,0,10
"3297","I100",2015,NA,2003,1,12
"3307","I100",2012,NA,2003,0,9
"3318","I104",2017,NA,2002,0,15
"3319","I104",2016,NA,2002,0,14
"3323","I104",2012,NA,2002,0,10
"3326","I104",2014,NA,2002,1,12
"3334","I104",2011,NA,2002,0,9
"3349","I104",2010,NA,2002,0,8
"3352","I11",2005,2013,1955,0,50
"3353","I11",1987,2013,1955,0,32
"3354","I11",2008,2013,1955,0,53
"3356","I11",1988,2013,1955,0,33
"3357","I11",2004,2013,1955,0,49
"3358","I11",1993,2013,1955,0,38
"3359","I11",1986,2013,1955,0,31
"3361","I11",1997,2013,1955,0,42
"3362","I11",1995,2013,1955,0,40
"3363","I11",1985,2013,1955,0,30
"3364","I11",2010,2013,1955,0,55
"3365","I11",1992,2013,1955,0,37
"3366","I11",2000,2013,1955,0,45
"3369","I11",2001,2013,1955,0,46
"3370","I11",1981,2013,1955,0,26
"3371","I11",1998,2013,1955,0,43
"3372","I11",2009,2013,1955,0,54
"3373","I11",1990,2013,1955,1,35
"3374","I11",1983,2013,1955,1,28
"3376","I11",2011,2013,1955,0,56
"3377","I11",1994,2013,1955,0,39
"3378","I11",1996,2013,1955,0,41
"3379","I11",2007,2013,1955,0,52
"3380","I11",2002,2013,1955,0,47
"3381","I11",2006,2013,1955,0,51
"3382","I11",1999,2013,1955,0,44
"3383","I11",2003,2013,1955,0,48
"3384","I11",2012,2013,1955,0,57
"3385","I12",1983,NA,1971,0,12
"3386","I12",1990,NA,1971,0,19
"3387","I12",1994,NA,1971,0,23
"3388","I12",1995,NA,1971,0,24
"3389","I12",2016,NA,1971,0,45
"3390","I12",1997,NA,1971,1,26
"3391","I12",1987,NA,1971,0,16
"3392","I12",1999,NA,1971,0,28
"3395","I12",2008,NA,1971,0,37
"3396","I12",2017,NA,1971,0,46
"3397","I12",1985,NA,1971,1,14
"3398","I12",1982,NA,1971,0,11
"3401","I12",2014,NA,1971,0,43
"3402","I12",1991,NA,1971,0,20
"3404","I12",2009,NA,1971,0,38
"3406","I12",2002,NA,1971,0,31
"3407","I12",2012,NA,1971,1,41
"3408","I12",2010,NA,1971,0,39
"3409","I12",2001,NA,1971,0,30
"3410","I12",1988,NA,1971,0,17
"3411","I12",2000,NA,1971,0,29
"3412","I12",1992,NA,1971,0,21
"3413","I12",1989,NA,1971,0,18
"3414","I12",2007,NA,1971,0,36
"3415","I12",2006,NA,1971,0,35
"3417","I12",1981,NA,1971,0,10
"3419","I12",1993,NA,1971,0,22
"3420","I12",2015,NA,1971,0,44
"3421","I12",1980,NA,1971,0,9
"3422","I12",2004,NA,1971,1,33
"3423","I13",1993,NA,1974,0,19
"3424","I13",1997,NA,1974,0,23
"3426","I13",2007,NA,1974,0,33
"3427","I13",2017,NA,1974,0,43
"3428","I13",2009,NA,1974,0,35
"3429","I13",1986,NA,1974,0,12
"3431","I13",1985,NA,1974,0,11
"3432","I13",1998,NA,1974,0,24
"3433","I13",1999,NA,1974,0,25
"3436","I13",2013,NA,1974,0,39
"3437","I13",1990,NA,1974,0,16
"3438","I13",2008,NA,1974,0,34
"3439","I13",2002,NA,1974,0,28
"3440","I13",1987,NA,1974,0,13
"3441","I13",2005,NA,1974,1,31
"3442","I13",2016,NA,1974,0,42
"3443","I13",2011,NA,1974,1,37
"3445","I13",2001,NA,1974,0,27
"3446","I13",1995,NA,1974,1,21
"3447","I13",1984,NA,1974,0,10
"3450","I13",1992,NA,1974,0,18
"3451","I13",1991,NA,1974,0,17
"3452","I13",2015,NA,1974,0,41
"3453","I13",2000,NA,1974,0,26
"3454","I13",1988,NA,1974,0,14
"3456","I13",1989,NA,1974,0,15
"3457","I13",2014,NA,1974,0,40
"3458","I13",1982,NA,1974,0,8
"3459","I13",1983,NA,1974,0,9
"3460","I13",2003,NA,1974,0,29
"3461","I15",1988,2006,1953,0,35
"3462","I15",2000,2006,1953,0,47
"3463","I15",2004,2006,1953,0,51
"3464","I15",1998,2006,1953,0,45
"3465","I15",1995,2006,1953,0,42
"3466","I15",1985,2006,1953,1,32
"3467","I15",2002,2006,1953,0,49
"3469","I15",1987,2006,1953,0,34
"3470","I15",1982,2006,1953,0,29
"3472","I15",2003,2006,1953,0,50
"3474","I15",1983,2006,1953,0,30
"3475","I15",2001,2006,1953,0,48
"3476","I15",1980,2006,1953,1,27
"3477","I15",1999,2006,1953,0,46
"3478","I15",1990,2006,1953,1,37
"3480","I15",1993,2006,1953,0,40
"3481","I15",1996,2006,1953,0,43
"3483","I15",1994,2006,1953,0,41
"3484","I15",1997,2006,1953,0,44
"3485","I15",1992,2006,1953,0,39
"3486","I15",2005,2006,1953,0,52
"3487","I16",1990,NA,1969,0,21
"3488","I16",1988,NA,1969,0,19
"3490","I16",2012,NA,1969,0,43
"3493","I16",2006,NA,1969,1,37
"3494","I16",1998,NA,1969,1,29
"3495","I16",1996,NA,1969,0,27
"3496","I16",1981,NA,1969,0,12
"3502","I16",1993,NA,1969,1,24
"3503","I16",1991,NA,1969,0,22
"3505","I16",2009,NA,1969,1,40
"3507","I16",1995,NA,1969,0,26
"3510","I16",2016,NA,1969,1,47
"3511","I16",2002,NA,1969,1,33
"3512","I16",2000,NA,1969,0,31
"3514","I16",1983,NA,1969,1,14
"3515","I16",2004,NA,1969,0,35
"3516","I16",2011,NA,1969,0,42
"3517","I16",1980,NA,1969,0,11
"3518","I16",2013,NA,1969,0,44
"3519","I16",2014,NA,1969,0,45
"3522","I16",1989,NA,1969,0,20
"3523","I16",1986,NA,1969,1,17
"3583","I19",1986,2015,1969,1,17
"3586","I19",1989,2015,1969,0,20
"3587","I19",1993,2015,1969,1,24
"3588","I19",1988,2015,1969,0,19
"3590","I19",2012,2015,1969,0,43
"3591","I19",1980,2015,1969,0,11
"3592","I19",1983,2015,1969,1,14
"3593","I19",2014,2015,1969,0,45
"3594","I19",1999,2015,1969,1,30
"3595","I19",2007,2015,1969,0,38
"3596","I19",2001,2015,1969,0,32
"3597","I19",1996,2015,1969,0,27
"3598","I19",2003,2015,1969,0,34
"3599","I19",2013,2015,1969,0,44
"3600","I19",2010,2015,1969,1,41
"3601","I19",2002,2015,1969,0,33
"3604","I19",1995,2015,1969,0,26
"3606","I19",1991,2015,1969,0,22
"3609","I19",1998,2015,1969,0,29
"3610","I19",1997,2015,1969,0,28
"3612","I19",2000,2015,1969,0,31
"3613","I19",2005,2015,1969,1,36
"3614","I19",1990,2015,1969,0,21
"3615","I19",2008,2015,1969,0,39
"3616","I19",1981,2015,1969,0,12
"3619","I20",2013,NA,1964,0,49
"3621","I20",2014,NA,1964,0,50
"3623","I20",1991,NA,1964,1,27
"3625","I20",1983,NA,1964,0,19
"3626","I20",2016,NA,1964,0,52
"3627","I20",1988,NA,1964,0,24
"3628","I20",1989,NA,1964,0,25
"3629","I20",2000,NA,1964,0,36
"3632","I20",1994,NA,1964,0,30
"3633","I20",1982,NA,1964,0,18
"3634","I20",2003,NA,1964,1,39
"3635","I20",2011,NA,1964,0,47
"3636","I20",2006,NA,1964,0,42
"3637","I20",1986,NA,1964,1,22
"3639","I20",1984,NA,1964,0,20
"3641","I20",2012,NA,1964,0,48
"3642","I20",1995,NA,1964,0,31
"3643","I20",1993,NA,1964,0,29
"3644","I20",2005,NA,1964,0,41
"3645","I20",1981,NA,1964,0,17
"3646","I20",2015,NA,1964,0,51
"3647","I20",2010,NA,1964,0,46
"3648","I20",1997,NA,1964,1,33
"3649","I20",1999,NA,1964,0,35
"3650","I20",2008,NA,1964,0,44
"3652","I20",2017,NA,1964,0,53
"3653","I20",2001,NA,1964,0,37
"3654","I20",2009,NA,1964,0,45
"3655","I20",2007,NA,1964,0,43
"3656","I21",2004,NA,1979,0,25
"3657","I21",1989,NA,1979,0,10
"3658","I21",1991,NA,1979,0,12
"3659","I21",1999,NA,1979,0,20
"3660","I21",1996,NA,1979,1,17
"3661","I21",1994,NA,1979,0,15
"3664","I21",2008,NA,1979,0,29
"3667","I21",1993,NA,1979,0,14
"3668","I21",1990,NA,1979,0,11
"3671","I21",2003,NA,1979,0,24
"3672","I21",2014,NA,1979,1,35
"3675","I21",2010,NA,1979,1,31
"3676","I21",2006,NA,1979,1,27
"3677","I21",1987,NA,1979,0,8
"3680","I21",2017,NA,1979,0,38
"3681","I21",2012,NA,1979,0,33
"3682","I21",1992,NA,1979,0,13
"3687","I21",1998,NA,1979,0,19
"3688","I21",1988,NA,1979,0,9
"3690","I21",2001,NA,1979,1,22
"3693","I21",2016,NA,1979,0,37
"3695","I22",1996,NA,1966,0,30
"3696","I22",2014,NA,1966,0,48
"3697","I22",1998,NA,1966,0,32
"3698","I22",1984,NA,1966,0,18
"3699","I22",2002,NA,1966,0,36
"3700","I22",2012,NA,1966,0,46
"3701","I22",1997,NA,1966,0,31
"3702","I22",1985,NA,1966,0,19
"3703","I22",1987,NA,1966,1,21
"3704","I22",2003,NA,1966,0,37
"3705","I22",1983,NA,1966,0,17
"3706","I22",1990,NA,1966,0,24
"3707","I22",1995,NA,1966,0,29
"3708","I22",2011,NA,1966,0,45
"3709","I22",1993,NA,1966,0,27
"3712","I22",1991,NA,1966,0,25
"3713","I22",1992,NA,1966,0,26
"3714","I22",2016,NA,1966,0,50
"3715","I22",2000,NA,1966,0,34
"3716","I22",2004,NA,1966,0,38
"3717","I22",2001,NA,1966,0,35
"3718","I22",2007,NA,1966,1,41
"3719","I22",2009,NA,1966,0,43
"3720","I22",1999,NA,1966,0,33
"3721","I22",1982,NA,1966,0,16
"3722","I22",2015,NA,1966,0,49
"3723","I22",2013,NA,1966,0,47
"3724","I22",1994,NA,1966,0,28
"3725","I22",2010,NA,1966,0,44
"3727","I22",1989,NA,1966,0,23
"3728","I22",2017,NA,1966,0,51
"3730","I22",1980,NA,1966,1,14
"3731","I22",2005,NA,1966,0,39
"3732","I24",1998,NA,1980,0,18
"3733","I24",2017,NA,1980,0,37
"3734","I24",1997,NA,1980,0,17
"3735","I24",1993,NA,1980,0,13
"3736","I24",1994,NA,1980,0,14
"3737","I24",2012,NA,1980,0,32
"3738","I24",2011,NA,1980,0,31
"3739","I24",2009,NA,1980,0,29
"3742","I24",2002,NA,1980,1,22
"3745","I24",1989,NA,1980,0,9
"3747","I24",1996,NA,1980,0,16
"3750","I24",2013,NA,1980,0,33
"3754","I24",2007,NA,1980,1,27
"3755","I24",1992,NA,1980,0,12
"3756","I24",1991,NA,1980,0,11
"3757","I24",2014,NA,1980,0,34
"3758","I24",2004,NA,1980,0,24
"3759","I24",1995,NA,1980,0,15
"3760","I24",1988,NA,1980,0,8
"3762","I24",2015,NA,1980,0,35
"3763","I24",2010,NA,1980,0,30
"3764","I24",2016,NA,1980,0,36
"3766","I24",1999,NA,1980,0,19
"3767","I24",2000,NA,1980,0,20
"3768","I24",2005,NA,1980,0,25
"3769","I24",1990,NA,1980,0,10
"3771","I26",2009,NA,1975,0,34
"3772","I26",2011,NA,1975,0,36
"3773","I26",1989,NA,1975,0,14
"3775","I26",2010,NA,1975,0,35
"3776","I26",1999,NA,1975,0,24
"3780","I26",2000,NA,1975,0,25
"3781","I26",2012,NA,1975,0,37
"3784","I26",2003,NA,1975,0,28
"3785","I26",2001,NA,1975,0,26
"3788","I26",1996,NA,1975,1,21
"3789","I26",1998,NA,1975,0,23
"3790","I26",1983,NA,1975,0,8
"3791","I26",1984,NA,1975,0,9
"3792","I26",2017,NA,1975,0,42
"3793","I26",2006,NA,1975,1,31
"3794","I26",2004,NA,1975,0,29
"3795","I26",2008,NA,1975,0,33
"3796","I26",2014,NA,1975,1,39
"3797","I26",1985,NA,1975,0,10
"3798","I26",1994,NA,1975,0,19
"3799","I26",2002,NA,1975,0,27
"3800","I26",1990,NA,1975,0,15
"3802","I26",2016,NA,1975,0,41
"3803","I26",1987,NA,1975,1,12
"3804","I26",1992,NA,1975,1,17
"3808","I27",2006,NA,1974,0,32
"3809","I27",2007,NA,1974,0,33
"3810","I27",1999,NA,1974,0,25
"3811","I27",2008,NA,1974,0,34
"3812","I27",1997,NA,1974,1,23
"3813","I27",2012,NA,1974,0,38
"3814","I27",2002,NA,1974,0,28
"3815","I27",2009,NA,1974,0,35
"3816","I27",1990,NA,1974,1,16
"3817","I27",1986,NA,1974,0,12
"3818","I27",1993,NA,1974,0,19
"3819","I27",2010,NA,1974,0,36
"3821","I27",1994,NA,1974,0,20
"3822","I27",1984,NA,1974,0,10
"3826","I27",2011,NA,1974,0,37
"3828","I27",1995,NA,1974,0,21
"3829","I27",1982,NA,1974,0,8
"3830","I27",1988,NA,1974,0,14
"3831","I27",2000,NA,1974,0,26
"3832","I27",2001,NA,1974,0,27
"3833","I27",2013,NA,1974,0,39
"3834","I27",2016,NA,1974,1,42
"3839","I27",2014,NA,1974,0,40
"3840","I27",1987,NA,1974,0,13
"3841","I27",1985,NA,1974,0,11
"3842","I27",1992,NA,1974,0,18
"3843","I27",1983,NA,1974,0,9
"3844","I27",2004,NA,1974,1,30
"3861","I33",2016,NA,1971,0,45
"3863","I33",1994,NA,1971,0,23
"3864","I33",1997,NA,1971,1,26
"3865","I33",1980,NA,1971,0,9
"3867","I33",1991,NA,1971,0,20
"3868","I33",2003,NA,1971,0,32
"3869","I33",2017,NA,1971,0,46
"3870","I33",1981,NA,1971,0,10
"3874","I33",1992,NA,1971,0,21
"3875","I33",1985,NA,1971,1,14
"3876","I33",1990,NA,1971,0,19
"3877","I33",2006,NA,1971,1,35
"3879","I33",1999,NA,1971,0,28
"3880","I33",1995,NA,1971,0,24
"3881","I33",1982,NA,1971,0,11
"3882","I33",2012,NA,1971,0,41
"3883","I33",2001,NA,1971,1,30
"3884","I33",2009,NA,1971,0,38
"3885","I33",2014,NA,1971,0,43
"3886","I33",1983,NA,1971,0,12
"3887","I33",2004,NA,1971,0,33
"3890","I33",1993,NA,1971,0,22
"3891","I33",2008,NA,1971,0,37
"3893","I33",2013,NA,1971,0,42
"3895","I33",2015,NA,1971,0,44
"3896","I33",1988,NA,1971,1,17
"3897","I33",2011,NA,1971,0,40
"3898","I33",2010,NA,1971,0,39
"3904","I35",2007,NA,1974,1,33
"3905","I35",2017,NA,1974,0,43
"3907","I35",1991,NA,1974,1,17
"3909","I35",2010,NA,1974,0,36
"3910","I35",2004,NA,1974,0,30
"3911","I35",2012,NA,1974,1,38
"3914","I35",2009,NA,1974,0,35
"3915","I35",1984,NA,1974,0,10
"3916","I35",2000,NA,1974,0,26
"3918","I35",2002,NA,1974,1,28
"3921","I35",1994,NA,1974,1,20
"3923","I35",1986,NA,1974,0,12
"3924","I35",2016,NA,1974,0,42
"3925","I35",2015,NA,1974,0,41
"3926","I35",1982,NA,1974,0,8
"3927","I35",1988,NA,1974,1,14
"3928","I35",2014,NA,1974,0,40
"3930","I35",2005,NA,1974,0,31
"3931","I35",1985,NA,1974,0,11
"3932","I35",1998,NA,1974,1,24
"3933","I35",1983,NA,1974,0,9
"3935","I35",1996,NA,1974,0,22
"3937","I36",2001,2002,1980,0,21
"3938","I36",2000,2002,1980,0,20
"3941","I36",1997,2002,1980,1,17
"3944","I36",1992,2002,1980,0,12
"3945","I36",1993,2002,1980,0,13
"3947","I36",1988,2002,1980,0,8
"3948","I36",1989,2002,1980,0,9
"3949","I36",1999,2002,1980,0,19
"3950","I36",1995,2002,1980,0,15
"3954","I36",1991,2002,1980,0,11
"3955","I36",1990,2002,1980,0,10
"3956","I36",1994,2002,1980,0,14
"3960","I38",1988,2000,1979.5,0,8.5
"3961","I38",1998,2000,1979.5,0,18.5
"3963","I38",1989,2000,1979.5,0,9.5
"3966","I38",1991,2000,1979.5,0,11.5
"3967","I38",1994,2000,1979.5,0,14.5
"3968","I38",1990,2000,1979.5,0,10.5
"3969","I38",1999,2000,1979.5,0,19.5
"3970","I38",1995,2000,1979.5,0,15.5
"3972","I38",1993,2000,1979.5,0,13.5
"3974","I38",1992,2000,1979.5,0,12.5
"3975","I38",1996,2000,1979.5,0,16.5
"3977","I38",1997,2000,1979.5,0,17.5
"3979","I40",2003,NA,1980,0,23
"3982","I40",2002,NA,1980,0,22
"3983","I40",2014,NA,1980,0,34
"3984","I40",1999,NA,1980,1,19
"3985","I40",2008,NA,1980,0,28
"3986","I40",1998,NA,1980,0,18
"3987","I40",1994,NA,1980,1,14
"3988","I40",1997,NA,1980,0,17
"3989","I40",2017,NA,1980,1,37
"3990","I40",2013,NA,1980,0,33
"3992","I40",2015,NA,1980,0,35
"3998","I40",1989,NA,1980,0,9
"3999","I40",2000,NA,1980,0,20
"4000","I40",1991,NA,1980,1,11
"4007","I40",2012,NA,1980,0,32
"4010","I40",1996,NA,1980,0,16
"4011","I40",2001,NA,1980,0,21
"4012","I40",1988,NA,1980,0,8
"4013","I40",2005,NA,1980,1,25
"4015","I40",2010,NA,1980,1,30
"4016","I40",2007,NA,1980,0,27
"4022","I50",2008,NA,1982.5,0,25.5
"4025","I50",1992,NA,1982.5,0,9.5
"4026","I50",1999,NA,1982.5,0,16.5
"4029","I50",1993,NA,1982.5,0,10.5
"4030","I50",2006,NA,1982.5,0,23.5
"4032","I50",1994,NA,1982.5,0,11.5
"4035","I50",1998,NA,1982.5,0,15.5
"4036","I50",2014,NA,1982.5,1,31.5
"4037","I50",2005,NA,1982.5,0,22.5
"4038","I50",1996,NA,1982.5,1,13.5
"4041","I50",1991,NA,1982.5,0,8.5
"4043","I50",2000,NA,1982.5,0,17.5
"4046","I50",2012,NA,1982.5,0,29.5
"4048","I50",2003,NA,1982.5,1,20.5
"4049","I50",2001,NA,1982.5,0,18.5
"4050","I50",2017,NA,1982.5,0,34.5
"4052","I50",2010,NA,1982.5,1,27.5
"4053","I50",2016,NA,1982.5,0,33.5
"4054","I50",2007,NA,1982.5,0,24.5
"4055","I51",2014,NA,1986,1,28
"4057","I51",2016,NA,1986,0,30
"4063","I51",2011,NA,1986,0,25
"4064","I51",2004,NA,1986,1,18
"4065","I51",1998,NA,1986,0,12
"4066","I51",1996,NA,1986,0,10
"4068","I51",2006,NA,1986,0,20
"4070","I51",2000,NA,1986,0,14
"4071","I51",2001,NA,1986,0,15
"4072","I51",2017,NA,1986,0,31
"4076","I51",2002,NA,1986,0,16
"4077","I51",2007,NA,1986,0,21
"4078","I51",2009,NA,1986,1,23
"4080","I51",1997,NA,1986,0,11
"4084","I51",1999,NA,1986,0,13
"4085","I51",1995,NA,1986,0,9
"4090","I51",1994,NA,1986,0,8
"4091","I51",2012,NA,1986,0,26
"4095","I54",1995,NA,1983,0,12
"4097","I54",2000,NA,1983,0,17
"4100","I54",2013,NA,1983,1,30
"4103","I54",2004,NA,1983,0,21
"4105","I54",2009,NA,1983,0,26
"4107","I54",2002,NA,1983,1,19
"4113","I54",2017,NA,1983,0,34
"4114","I54",2006,NA,1983,1,23
"4115","I54",1993,NA,1983,1,10
"4117","I54",1999,NA,1983,0,16
"4119","I54",2016,NA,1983,0,33
"4120","I54",1997,NA,1983,1,14
"4123","I54",2015,NA,1983,0,32
"4124","I54",2010,NA,1983,0,27
"4125","I54",2011,NA,1983,0,28
"4126","I54",1991,NA,1983,0,8
"4127","I54",2008,NA,1983,0,25
"4131","I57",2004,NA,1989,0,15
"4134","I57",2015,NA,1989,0,26
"4136","I57",1998,NA,1989,0,9
"4137","I57",2002,NA,1989,0,13
"4140","I57",2013,NA,1989,0,24
"4142","I57",2017,NA,1989,0,28
"4147","I57",2000,NA,1989,0,11
"4148","I57",2003,NA,1989,0,14
"4149","I57",2014,NA,1989,0,25
"4151","I57",2012,NA,1989,0,23
"4154","I57",2016,NA,1989,0,27
"4155","I57",1999,NA,1989,0,10
"4156","I57",2011,NA,1989,0,22
"4157","I57",2001,NA,1989,0,12
"4159","I57",2005,NA,1989,0,16
"4163","I57",2009,NA,1989,0,20
"4166","I57",1997,NA,1989,0,8
"4167","I57",2007,NA,1989,1,18
"4168","I57",2010,NA,1989,0,21
"4174","I63",2004,2015,1990,0,14
"4176","I63",1999,2015,1990,0,9
"4178","I63",2012,2015,1990,0,22
"4180","I63",2003,2015,1990,0,13
"4181","I63",2014,2015,1990,1,24
"4182","I63",2000,2015,1990,0,10
"4184","I63",2011,2015,1990,0,21
"4186","I63",2007,2015,1990,0,17
"4188","I63",2001,2015,1990,0,11
"4191","I63",2006,2015,1990,0,16
"4192","I63",2010,2015,1990,0,20
"4193","I63",2009,2015,1990,0,19
"4195","I63",1998,2015,1990,0,8
"4197","I63",2008,2015,1990,0,18
"4199","I63",2002,2015,1990,0,12
"4203","I63",2005,2015,1990,0,15
"4204","I65",1999,NA,1990,0,9
"4217","I65",2016,NA,1990,0,26
"4218","I65",1998,NA,1990,0,8
"4219","I65",2012,NA,1990,0,22
"4221","I65",2017,NA,1990,0,27
"4222","I65",2003,NA,1990,1,13
"4223","I65",2000,NA,1990,0,10
"4229","I65",2009,NA,1990,0,19
"4231","I65",2001,NA,1990,0,11
"4232","I65",2010,NA,1990,0,20
"4235","I65",2014,NA,1990,1,24
"4237","I65",2007,NA,1990,1,17
"4239","I65",2005,NA,1990,0,15
"4240","I65",2011,NA,1990,0,21
"4243","I68",1999,NA,1991,0,8
"4246","I68",2006,NA,1991,1,15
"4248","I68",2015,NA,1991,0,24
"4256","I68",2017,NA,1991,0,26
"4257","I68",2009,NA,1991,0,18
"4258","I68",2014,NA,1991,0,23
"4260","I68",2010,NA,1991,0,19
"4261","I68",2012,NA,1991,1,21
"4264","I68",2000,NA,1991,0,9
"4267","I68",2003,NA,1991,0,12
"4268","I68",2016,NA,1991,0,25
"4270","I68",2008,NA,1991,0,17
"4272","I68",2002,NA,1991,0,11
"4273","I68",2004,NA,1991,0,13
"4276","I68",2001,NA,1991,0,10
"4280","I69",2017,NA,1991,0,26
"4281","I69",2011,NA,1991,0,20
"4283","I69",2006,NA,1991,1,15
"4284","I69",2009,NA,1991,0,18
"4286","I69",2008,NA,1991,0,17
"4291","I69",1999,NA,1991,0,8
"4294","I69",2002,NA,1991,0,11
"4296","I69",2000,NA,1991,0,9
"4298","I69",2001,NA,1991,0,10
"4299","I69",2003,NA,1991,0,12
"4300","I69",2010,NA,1991,0,19
"4304","I69",2015,NA,1991,0,24
"4305","I69",2016,NA,1991,0,25
"4306","I69",2004,NA,1991,0,13
"4313","I69",2013,NA,1991,1,22
"4319","I71",2014,NA,1993,0,21
"4322","I71",2012,NA,1993,0,19
"4323","I71",2010,NA,1993,1,17
"4324","I71",2003,NA,1993,0,10
"4326","I71",2017,NA,1993,0,24
"4328","I71",2015,NA,1993,0,22
"4331","I71",2004,NA,1993,0,11
"4334","I71",2008,NA,1993,0,15
"4335","I71",2006,NA,1993,1,13
"4340","I71",2002,NA,1993,0,9
"4341","I71",2013,NA,1993,0,20
"4351","I71",2016,NA,1993,0,23
"4353","I71",2001,NA,1993,0,8
"4367","I80",2005,2008,1997,0,8
"4371","I80",2006,2008,1997,0,9
"4381","I80",2007,2008,1997,0,10
"4386","I82",2004,2014,1994,0,10
"4389","I82",2013,2014,1994,0,19
"4390","I82",2009,2014,1994,0,15
"4391","I82",2006,2014,1994,1,12
"4401","I82",2012,2014,1994,0,18
"4402","I82",2002,2014,1994,0,8
"4403","I82",2008,2014,1994,0,14
"4405","I82",2003,2014,1994,0,9
"4408","I82",2011,2014,1994,0,17
"4411","I82",2010,2014,1994,0,16
"4419","I83",2008,NA,1997,1,11
"4421","I83",2011,NA,1997,0,14
"4425","I83",2006,NA,1997,0,9
"4428","I83",2005,NA,1997,0,8
"4429","I83",2010,NA,1997,0,13
"4430","I83",2016,NA,1997,0,19
"4432","I83",2017,NA,1997,0,20
"4440","I83",2015,NA,1997,0,18
"4451","I83",2013,NA,1997,1,16
"4459","I90",2009,NA,1999,0,10
"4464","I90",2016,NA,1999,0,17
"4471","I90",2012,NA,1999,1,13
"4476","I90",2008,NA,1999,0,9
"4477","I90",2010,NA,1999,0,11
"4479","I90",2015,NA,1999,0,16
"4480","I90",2017,NA,1999,0,18
"4483","I90",2007,NA,1999,0,8
"4485","I90",2014,NA,1999,0,15
"4507","I92",2013,NA,1999,0,14
"4508","I92",2017,NA,1999,1,18
"4512","I92",2015,NA,1999,0,16
"4514","I92",2011,NA,1999,0,12
"4516","I92",2014,NA,1999,0,15
"4517","I92",2008,NA,1999,1,9
"4522","I92",2010,NA,1999,0,11
"4525","I92",2012,NA,1999,0,13
"4540","I96",2017,NA,2002,0,15
"4544","I96",2013,NA,2002,0,11
"4553","I96",2012,NA,2002,0,10
"4555","I96",2011,NA,2002,0,9
"4562","I96",2010,NA,2002,0,8
"4563","I96",2015,NA,2002,1,13
"4576","I99",2011,NA,2003,0,8
"4579","I99",2012,NA,2003,0,9
"4591","I99",2017,NA,2003,0,14
"4594","I99",2014,NA,2003,1,11
"4607","I99",2016,NA,2003,0,13
"4608","R02",2002,2005,1937,0,65
"4609","R02",1987,2005,1937,0,50
"4610","R02",2004,2005,1937,0,67
"4611","R02",1997,2005,1937,0,60
"4612","R02",1992,2005,1937,0,55
"4613","R02",1999,2005,1937,0,62
"4614","R02",1984,2005,1937,0,47
"4615","R02",1994,2005,1937,0,57
"4616","R02",2000,2005,1937,0,63
"4617","R02",1985,2005,1937,0,48
"4618","R02",1982,2005,1937,0,45
"4619","R02",1988,2005,1937,0,51
"4620","R02",1996,2005,1937,0,59
"4621","R02",1995,2005,1937,0,58
"4622","R02",1981,2005,1937,0,44
"4623","R02",1983,2005,1937,0,46
"4624","R02",2001,2005,1937,0,64
"4625","R02",1998,2005,1937,0,61
"4626","R02",2003,2005,1937,0,66
"4627","R02",1993,2005,1937,0,56
"4628","R02",1989,2005,1937,0,52
"4629","R02",1986,2005,1937,0,49
"4630","R02",1991,2005,1937,0,54
"4631","R02",1980,2005,1937,0,43
"4632","R02",1990,2005,1937,0,53
"4634","R04",1988,NA,1965,1,23
"4637","R04",2016,NA,1965,0,51
"4638","R04",1998,NA,1965,1,33
"4640","R04",2006,NA,1965,0,41
"4642","R04",1984,NA,1965,1,19
"4643","R04",2014,NA,1965,0,49
"4644","R04",1982,NA,1965,0,17
"4646","R04",2008,NA,1965,0,43
"4649","R04",2013,NA,1965,0,48
"4650","R04",1992,NA,1965,1,27
"4651","R04",1986,NA,1965,0,21
"4653","R04",2012,NA,1965,0,47
"4655","R04",1981,NA,1965,0,16
"4656","R04",1995,NA,1965,1,30
"4657","R04",2011,NA,1965,0,46
"4658","R04",2000,NA,1965,0,35
"4659","R04",2015,NA,1965,0,50
"4660","R04",2007,NA,1965,0,42
"4661","R04",1990,NA,1965,0,25
"4662","R04",2002,NA,1965,1,37
"4664","R04",2017,NA,1965,0,52
"4665","R04",2004,NA,1965,0,39
"4666","R04",2005,NA,1965,0,40
"4668","R04",1980,NA,1965,0,15
"4669","R04",2009,NA,1965,0,44
"4670","R04",2010,NA,1965,0,45
"4673","R05",2000,NA,1949,0,51
"4674","R05",1989,NA,1949,0,40
"4675","R05",1987,NA,1949,1,38
"4676","R05",2016,NA,1949,0,67
"4677","R05",2014,NA,1949,0,65
"4678","R05",2001,NA,1949,0,52
"4680","R05",2004,NA,1949,0,55
"4681","R05",1983,NA,1949,0,34
"4682","R05",1990,NA,1949,0,41
"4683","R05",1996,NA,1949,0,47
"4684","R05",1985,NA,1949,0,36
"4685","R05",2011,NA,1949,0,62
"4686","R05",2005,NA,1949,0,56
"4687","R05",2013,NA,1949,0,64
"4688","R05",1999,NA,1949,0,50
"4689","R05",1984,NA,1949,0,35
"4690","R05",2002,NA,1949,0,53
"4691","R05",1997,NA,1949,0,48
"4692","R05",1992,NA,1949,0,43
"4694","R05",1991,NA,1949,0,42
"4695","R05",2003,NA,1949,0,54
"4696","R05",2007,NA,1949,0,58
"4697","R05",1998,NA,1949,0,49
"4698","R05",2008,NA,1949,0,59
"4699","R05",2012,NA,1949,0,63
"4700","R05",1982,NA,1949,0,33
"4701","R05",2015,NA,1949,0,66
"4702","R05",1994,NA,1949,1,45
"4703","R05",1981,NA,1949,0,32
"4705","R05",2017,NA,1949,0,68
"4706","R05",2009,NA,1949,0,60
"4707","R05",2010,NA,1949,0,61
"4708","R05",2006,NA,1949,0,57
"4709","R07",1987,2009,1945,0,42
"4710","R07",1991,2009,1945,0,46
"4711","R07",1981,2009,1945,0,36
"4712","R07",1998,2009,1945,0,53
"4713","R07",2003,2009,1945,0,58
"4714","R07",1993,2009,1945,0,48
"4715","R07",2001,2009,1945,0,56
"4716","R07",1988,2009,1945,0,43
"4717","R07",1990,2009,1945,0,45
"4718","R07",2004,2009,1945,0,59
"4719","R07",1983,2009,1945,0,38
"4720","R07",1984,2009,1945,0,39
"4721","R07",1992,2009,1945,0,47
"4722","R07",1996,2009,1945,0,51
"4723","R07",2006,2009,1945,0,61
"4724","R07",1994,2009,1945,0,49
"4725","R07",2002,2009,1945,0,57
"4726","R07",2007,2009,1945,0,62
"4727","R07",2000,2009,1945,0,55
"4728","R07",1995,2009,1945,0,50
"4729","R07",1989,2009,1945,0,44
"4730","R07",1999,2009,1945,0,54
"4732","R07",1997,2009,1945,0,52
"4733","R07",2005,2009,1945,0,60
"4734","R07",1986,2009,1945,0,41
"4735","R07",1985,2009,1945,0,40
"4736","R07",2008,2009,1945,0,63
"4737","R07",1982,2009,1945,0,37
"4738","R09",1988,2000,1937,0,51
"4739","R09",1991,2000,1937,0,54
"4740","R09",1998,2000,1937,0,61
"4741","R09",1990,2000,1937,0,53
"4742","R09",1989,2000,1937,0,52
"4743","R09",1983,2000,1937,0,46
"4744","R09",1994,2000,1937,0,57
"4745","R09",1986,2000,1937,0,49
"4746","R09",1981,2000,1937,0,44
"4747","R09",1985,2000,1937,0,48
"4748","R09",1993,2000,1937,0,56
"4749","R09",1996,2000,1937,0,59
"4750","R09",1997,2000,1937,0,60
"4751","R09",1982,2000,1937,0,45
"4752","R09",1995,2000,1937,0,58
"4753","R09",1987,2000,1937,0,50
"4754","R09",1980,2000,1937,0,43
"4755","R09",1992,2000,1937,0,55
"4756","R09",1984,2000,1937,0,47
"4757","R09",1999,2000,1937,0,62
"4758","R13",1994,NA,1979,0,15
"4759","R13",2015,NA,1979,0,36
"4761","R13",2009,NA,1979,0,30
"4762","R13",1993,NA,1979,0,14
"4763","R13",1999,NA,1979,0,20
"4764","R13",1990,NA,1979,0,11
"4765","R13",1989,NA,1979,0,10
"4766","R13",2011,NA,1979,1,32
"4768","R13",1987,NA,1979,0,8
"4771","R13",2007,NA,1979,0,28
"4773","R13",1991,NA,1979,0,12
"4775","R13",2001,NA,1979,0,22
"4776","R13",1998,NA,1979,0,19
"4778","R13",2003,NA,1979,0,24
"4779","R13",2016,NA,1979,0,37
"4780","R13",1988,NA,1979,0,9
"4781","R13",1996,NA,1979,0,17
"4782","R13",2017,NA,1979,0,38
"4783","R13",2013,NA,1979,0,34
"4784","R13",2002,NA,1979,0,23
"4786","R13",2000,NA,1979,0,21
"4788","R13",1997,NA,1979,0,18
"4789","R13",1995,NA,1979,0,16
"4790","R13",1992,NA,1979,0,13
"4791","R13",2014,NA,1979,0,35
"4793","R13",2005,NA,1979,1,26
"4795","R13",2008,NA,1979,0,29
"4796","R17",2000,NA,1970.5,0,29.5
"4797","R17",1983,NA,1970.5,0,12.5
"4799","R17",2012,NA,1970.5,0,41.5
"4801","R17",1990,NA,1970.5,1,19.5
"4803","R17",1999,NA,1970.5,0,28.5
"4804","R17",2008,NA,1970.5,0,37.5
"4805","R17",1988,NA,1970.5,0,17.5
"4806","R17",2011,NA,1970.5,0,40.5
"4807","R17",2009,NA,1970.5,0,38.5
"4808","R17",1987,NA,1970.5,0,16.5
"4809","R17",1982,NA,1970.5,0,11.5
"4810","R17",1992,NA,1970.5,0,21.5
"4813","R17",2006,NA,1970.5,0,35.5
"4814","R17",1996,NA,1970.5,1,25.5
"4815","R17",1994,NA,1970.5,0,23.5
"4816","R17",1981,NA,1970.5,0,10.5
"4817","R17",2010,NA,1970.5,0,39.5
"4818","R17",2014,NA,1970.5,0,43.5
"4820","R17",2015,NA,1970.5,0,44.5
"4821","R17",1998,NA,1970.5,0,27.5
"4822","R17",2007,NA,1970.5,0,36.5
"4823","R17",2016,NA,1970.5,0,45.5
"4826","R17",2005,NA,1970.5,0,34.5
"4827","R17",2002,NA,1970.5,1,31.5
"4828","R17",2017,NA,1970.5,0,46.5
"4829","R17",1980,NA,1970.5,0,9.5
"4830","R17",1985,NA,1970.5,1,14.5
"4831","R17",1993,NA,1970.5,0,22.5
"4832","R17",2004,NA,1970.5,0,33.5
"4833","R17",2013,NA,1970.5,0,42.5
"4834","R18",2012,NA,1968,0,44
"4835","R18",2007,NA,1968,0,39
"4836","R18",1998,NA,1968,0,30
"4837","R18",1987,NA,1968,1,19
"4840","R18",1985,NA,1968,0,17
"4841","R18",1982,NA,1968,1,14
"4842","R18",1984,NA,1968,0,16
"4843","R18",2009,NA,1968,0,41
"4844","R18",1990,NA,1968,0,22
"4845","R18",1995,NA,1968,0,27
"4846","R18",2002,NA,1968,0,34
"4847","R18",1991,NA,1968,0,23
"4848","R18",2016,NA,1968,0,48
"4849","R18",1997,NA,1968,0,29
"4850","R18",2008,NA,1968,0,40
"4851","R18",2006,NA,1968,0,38
"4852","R18",2010,NA,1968,0,42
"4853","R18",1996,NA,1968,0,28
"4855","R18",1992,NA,1968,0,24
"4856","R18",2015,NA,1968,0,47
"4857","R18",1994,NA,1968,0,26
"4858","R18",1999,NA,1968,1,31
"4859","R18",1980,NA,1968,0,12
"4860","R18",2000,NA,1968,0,32
"4861","R18",2001,NA,1968,0,33
"4862","R18",1993,NA,1968,0,25
"4863","R18",1989,NA,1968,0,21
"4864","R18",2011,NA,1968,0,43
"4865","R18",2014,NA,1968,0,46
"4868","R18",2013,NA,1968,0,45
"4869","R18",2017,NA,1968,0,49
"4870","R18",2004,NA,1968,1,36
"4872","R20",1994,2000,1979,0,15
"4873","R20",1991,2000,1979,0,12
"4874","R20",1988,2000,1979,0,9
"4876","R20",1987,2000,1979,0,8
"4878","R20",1990,2000,1979,0,11
"4880","R20",1992,2000,1979,0,13
"4882","R20",1989,2000,1979,0,10
"4883","R20",1995,2000,1979,0,16
"4888","R20",1997,2000,1979,1,18
"4889","R20",1999,2000,1979,0,20
"4891","R20",1993,2000,1979,0,14
"4893","R22",2013,NA,1984,0,29
"4898","R22",2011,NA,1984,1,27
"4900","R22",2015,NA,1984,1,31
"4904","R22",2001,NA,1984,1,17
"4905","R22",2009,NA,1984,0,25
"4906","R22",2004,NA,1984,1,20
"4910","R22",1996,NA,1984,0,12
"4913","R22",1992,NA,1984,0,8
"4914","R22",2017,NA,1984,0,33
"4915","R22",1998,NA,1984,1,14
"4916","R22",1994,NA,1984,1,10
"4918","R22",2007,NA,1984,1,23
"4930","R23",2014,NA,1985,0,29
"4931","R23",1996,NA,1985,0,11
"4932","R23",1993,NA,1985,0,8
"4937","R23",2016,NA,1985,1,31
"4939","R23",1998,NA,1985,0,13
"4941","R23",2013,NA,1985,0,28
"4946","R23",2011,NA,1985,0,26
"4948","R23",2000,NA,1985,0,15
"4949","R23",2002,NA,1985,1,17
"4953","R23",1995,NA,1985,0,10
"4954","R23",2009,NA,1985,1,24
"4955","R23",2004,NA,1985,0,19
"4959","R23",2006,NA,1985,1,21
"4963","R23",2012,NA,1985,0,27
"4964","R23",1994,NA,1985,0,9
"4965","R23",1999,NA,1985,0,14
"4967","R23",1997,NA,1985,0,12
"4969","R24",2013,NA,1987,0,26
"4971","R24",2004,NA,1987,1,17
"4973","R24",2001,NA,1987,1,14
"4974","R24",2006,NA,1987,0,19
"4979","R24",1999,NA,1987,0,12
"4985","R24",2015,NA,1987,1,28
"4991","R24",2017,NA,1987,0,30
"4997","R24",1995,NA,1987,0,8
"5000","R24",2008,NA,1987,1,21
"5001","R24",1997,NA,1987,1,10
"5003","R24",2011,NA,1987,1,24
"5018","R29",2002,NA,1994,0,8
"5019","R29",2006,NA,1994,1,12
"5020","R29",2012,NA,1994,0,18
"5024","R29",2004,NA,1994,0,10
"5025","R29",2010,NA,1994,1,16
"5031","R29",2008,NA,1994,0,14
"5033","R29",2017,NA,1994,0,23
"5037","R29",2015,NA,1994,1,21
"5039","R29",2003,NA,1994,0,9
"5041","R29",2013,NA,1994,0,19
"5050","R35",2013,NA,1998,0,15
"5053","R35",2015,NA,1998,1,17
"5057","R35",2007,NA,1998,0,9
"5058","R35",2006,NA,1998,0,8
"5059","R35",2017,NA,1998,0,19
"5071","R35",2008,NA,1998,0,10
"5080","R35",2010,NA,1998,1,12
"5081","R35",2012,NA,1998,0,14
"5085","R38",2016,NA,1999.5,0,16.5
"5093","R38",2017,NA,1999.5,0,17.5
"5097","R38",2015,NA,1999.5,0,15.5
"5098","R38",2013,NA,1999.5,1,13.5
"5103","R38",2011,NA,1999.5,0,11.5
"5111","R38",2009,NA,1999.5,1,9.5
"5122","R39",2015,NA,2001,0,14
"5125","R39",2017,NA,2001,0,16
"5142","R39",2013,NA,2001,1,12
"5143","R39",2016,NA,2001,0,15
"5144","R39",2009,NA,2001,0,8
"5148","R39",2010,NA,2001,0,9
"5154","R39",2011,NA,2001,0,10
"5160","R40",2012,NA,2001,0,11
"5162","R40",2017,NA,2001,0,16
"5166","R40",2011,NA,2001,0,10
"5168","R40",2014,NA,2001,1,13
"5190","R40",2010,NA,2001,0,9
"5193","R40",2016,NA,2001,0,15
"5195","R40",2009,NA,2001,0,8
"5197","R41",2014,NA,2002,1,12
"5203","R41",2011,NA,2002,0,9
"5205","R41",2016,NA,2002,0,14
"5206","R41",2017,NA,2002,0,15
"5216","R41",2012,NA,2002,0,10
"5229","R41",2010,NA,2002,0,8
"5251","R48",2017,NA,2006,0,11
"5256","R48",2016,NA,2006,0,10
"5267","R48",2014,NA,2006,0,8
"5271","R48",2015,NA,2006,0,9
"5291","R52",2017,NA,2009,0,8
"5310","W03",1989,2017,1935,0,54
"5311","W03",2013,2017,1935,0,78
"5312","W03",2004,2017,1935,0,69
"5313","W03",1985,2017,1935,0,50
"5314","W03",2016,2017,1935,0,81
"5315","W03",2014,2017,1935,0,79
"5316","W03",1996,2017,1935,0,61
"5317","W03",1987,2017,1935,0,52
"5318","W03",1984,2017,1935,0,49
"5319","W03",1981,2017,1935,0,46
"5320","W03",1993,2017,1935,0,58
"5321","W03",1986,2017,1935,0,51
"5322","W03",2001,2017,1935,0,66
"5323","W03",2000,2017,1935,0,65
"5324","W03",2005,2017,1935,0,70
"5325","W03",2010,2017,1935,0,75
"5326","W03",2015,2017,1935,0,80
"5327","W03",1983,2017,1935,0,48
"5328","W03",1997,2017,1935,0,62
"5329","W03",1995,2017,1935,0,60
"5330","W03",1999,2017,1935,0,64
"5331","W03",2012,2017,1935,0,77
"5332","W03",2009,2017,1935,0,74
"5333","W03",1980,2017,1935,0,45
"5334","W03",1988,2017,1935,0,53
"5335","W03",1990,2017,1935,0,55
"5336","W03",2002,2017,1935,0,67
"5337","W03",2011,2017,1935,0,76
"5338","W03",1998,2017,1935,0,63
"5339","W03",2006,2017,1935,0,71
"5340","W03",2003,2017,1935,0,68
"5341","W03",2008,2017,1935,0,73
"5342","W03",1994,2017,1935,0,59
"5343","W03",2007,2017,1935,0,72
"5344","W03",1982,2017,1935,0,47
"5345","W03",1992,2017,1935,0,57
"5346","W03",1991,2017,1935,0,56
