STOCK,BROOD,ReleaseYear,age,n,TotalReleased.sum,avg.weight
ACI,1979,1981,2,3,42197,38.11
ACI,1980,1982,2,1,273849,42.79
ACI,1981,1983,2,1,137868,15.2
ACI,1982,1984,2,3,566000,21.33710247
ACI,1983,1985,2,3,135000,22.9
ACI,1984,1986,2,4,351000,10.17549858
ACI,1985,1987,2,3,427000,16.03138173
ACI,1986,1988,2,1,550000,16.6
ACI,1987,1989,2,2,479381,12.4
ACI,1988,1990,2,2,542258,9.51
ACI,1989,1991,2,3,434114,15.85045518
ACI,1990,1992,2,3,520353,12.06658303
ACI,1991,1993,2,2,462989,14.41
ACI,1992,1994,2,2,443392,8.54449433
ACI,1993,1995,2,2,451898,10.31651682
ACI,1994,1996,2,2,501282,17.6
ACI,1995,1997,2,5,539965,17.34174259
ACI,1996,1998,2,1,610090,15.18
ACI,1997,1999,2,2,670915,19.46008295
ACI,1998,2000,2,1,713569,9.9
ACI,1999,2001,2,6,595728,15.02597894
ACI,2000,2002,2,6,565240,13.76709559
ACI,2001,2003,2,6,727557,13.89176001
ACI,2002,2004,2,6,665287,19.3348772
ACI,2003,2005,2,6,587900,20.12162186
ACI,2004,2006,2,6,680810,16.1091429
ACI,2005,2007,2,5,542833,8.988981123
ACI,2006,2008,2,6,604715,8.299711186
ACI,2007,2009,2,6,551980,8.028737635
ACI,2008,2010,2,6,672900,12.16752118
ACI,2009,2011,2,5,717825,14.53967471
ACI,2010,2012,2,6,628300,13.31052045
ACI,2011,2013,2,9,807150,14.98616366
ACI,2012,2014,2,5,645917,18.51027965
ACI,2013,2015,2,6,589316,23.3397986
ACI,2014,2016,2,6,573117,23.34177829
ACI,2015,2017,2,3,563706,17.71421202
ACI,2016,2018,2,3,629965,17.52349337
ADM,1977,1979,2,2,18122,27.71967995
ADM,1978,1980,2,4,72064,15.64
ADM,1979,1981,2,5,65743,18.77167881
ADM,1980,1982,2,2,118848,17.89472806
ADM,1981,1983,2,4,146570,18.20695572
ADM,1984,1986,2,6,46374,27.19733471
ADM,1985,1987,2,1,42000,33
ADM,1986,1988,2,1,70000,26.6
ADM,1987,1989,2,6,166784,12.43847491
ADM,1988,1990,2,4,116178,23.34991582
ADM,1989,1991,2,4,98236,21.87895018
ADM,1990,1992,2,7,127819,23.17705341
ADM,1991,1993,2,7,71293,15.03176413
ADM,1992,1994,2,2,85066,20.55827663
ADM,1993,1995,2,2,98665,17.5
ADM,1994,1996,2,2,80761,25.8
ADM,1995,1997,2,2,97903,18.2
ADM,1996,1998,2,1,101316,25.1
ADM,1997,1999,2,1,51411,22
ADM,1998,2000,2,1,90258,20.7
ADM,1999,2001,2,1,89488,22.4
ADM,2000,2002,2,1,96026,26.3
ADM,2001,2003,2,1,97534,21.8
ADM,2002,2004,2,1,85948,26.2
ADM,2003,2005,2,2,77433,29
ADM,2004,2006,2,1,29889,33.3
ADM,2005,2007,2,1,55062,33.8
ADM,2006,2008,2,1,59899,23.9
ADM,2007,2009,2,1,52483,21.3
ADM,2015,2017,2,2,69990,27.18
AHC,1980,1982,2,1,145564,22.23
AHC,1983,1985,2,1,27200,29.8
AHC,1984,1986,2,10,170390,32.27903633
AHC,1985,1987,2,3,914600,31.61213645
AHC,1986,1988,2,3,1043300,31.06711397
AHC,1987,1989,2,3,757480,32.7403179
AHC,1988,1990,2,3,1080150,29.15795491
AHC,1989,1991,2,3,1173670,26.6430777
AHC,1990,1992,2,3,1323970,22.27169498
AHC,1991,1993,2,3,1171700,24.79767005
AHC,1992,1994,2,6,1271040,21.8957725
AHC,1993,1995,2,7,746946,25.99276012
AHC,1994,1996,2,3,238981,21.7532572
AHC,1995,1997,2,7,697171,22.18752171
AHC,1996,1998,2,7,713331,28.99881612
AHC,1997,1999,2,7,741929,26.59293342
AHC,1998,2000,2,7,779750,23.98922732
AHC,1999,2001,2,7,782650,26.66659874
AHC,2000,2002,2,7,689634,26.91913393
AHC,2001,2003,2,7,702430,27.43851487
AHC,2002,2004,2,7,715400,33.24033827
AHC,2003,2005,2,6,633000,27.09377676
AHC,2004,2006,2,7,720000,29.24204861
AHC,2005,2007,2,7,714700,22.00384637
AHC,2006,2008,2,3,727500,18.14412371
AHC,2007,2009,2,7,740000,17.27167568
AHC,2008,2010,2,7,768000,25.83369792
AHC,2009,2011,2,7,738000,25.34861111
AHC,2010,2012,2,7,720000,20.99159722
AHC,2011,2013,2,7,768000,19.36002604
AHC,2012,2014,2,5,535000,29.4679194
AHC,2013,2015,2,6,657000,27.90684932
AHC,2014,2016,2,7,747862,26.66400149
AHC,2015,2017,2,3,548981,22.92458701
AHC,2016,2018,2,3,557913,20.13861014
AKT,2014,2015,1,2,22000,9.1
AKT,2013,2015,2,4,46685,20.32389418
AKT,2014,2016,2,2,20926,68.80990251
AKT,2015,2017,2,4,62394,10.84746129
AKT,2017,2019,2,2,29989,24.86632098
ALP,1976,1978,2,8,36050,70.02047906
ALP,1977,1979,2,6,49973,18.91821544
ALP,1978,1980,2,14,166711,14.16287671
ALP,1979,1981,2,2,30621,13.92477581
ALP,1980,1982,2,1,9008,14.11
ALP,1981,1983,2,10,120224,16.00135048
ALP,1982,1984,2,16,172777,30.53954467
ALP,1983,1985,2,35,191429,28.60399574
ALP,1984,1986,2,47,207030,15.73130802
ALP,1985,1987,2,30,212233,21.31020798
ALP,1986,1988,2,28,273724,22.41656848
ALP,1987,1989,2,25,142087,38.70352735
ALP,1988,1990,2,17,169545,27.26980802
ALP,1989,1991,2,23,186786,49.96624212
ALP,1990,1992,2,26,275532,29.54725368
ALP,1991,1993,2,18,211179,31.71522879
ALP,1992,1994,2,18,150413,55.7068385
ALP,1993,1995,2,20,208399,44.93281734
ALP,1994,1996,2,18,152236,33.16281826
ALP,1995,1997,2,18,202236,29.79700449
ALP,1996,1998,2,10,107709,21.67154184
ALP,1997,1999,2,10,106520,20.08754882
ALP,1998,2000,2,8,134096,17.84661735
ALP,1999,2001,2,8,108826,23.62465128
ALP,2001,2003,2,10,195055,19.6112944
ALP,2002,2004,2,9,158265,30.08514188
ALP,2003,2005,2,12,166830,28.07669562
ALP,2004,2006,2,7,83253,39.56525963
ALP,2005,2007,2,6,133822,22.18327405
ALP,2006,2008,2,24,145664,15.87481931
ALP,2007,2009,2,13,209217,13.03434267
ALP,2008,2010,2,13,237700,18.05300896
ALP,2009,2011,2,12,187535,22.46628576
ALP,2010,2012,2,10,150416,16.20977489
ALP,2011,2013,2,11,139100,16.86804443
ALP,2012,2014,2,14,211164,28.98751501
ALP,2013,2015,2,5,80818,17.07380287
ALP,2014,2016,2,1,9432,54.31
ALP,2015,2017,2,4,53234,15.09435511
ALP,2016,2018,2,10,160691,25.02994567
AMC,1989,1991,2,1,43595,25.59
AMC,1990,1992,2,1,191765,21.81
AMC,1991,1993,2,1,207536,22.3
AMC,1992,1994,2,1,241366,26.5
AMC,1993,1995,2,2,158681,26.50998084
AMC,1994,1996,2,2,64360,23.5
AMC,1995,1997,2,2,171908,18.73
AMC,1996,1998,2,2,116202,24.06
AMC,1997,1999,2,3,221443,25.00599983
AMC,1998,2000,2,3,208586,22.96
AMC,1999,2001,2,1,213232,27.2
AMC,2000,2002,2,1,213276,22.52
AMC,2001,2003,2,1,120891,24.74
AMC,2002,2004,2,1,177423,30.5
AMC,2003,2005,2,2,324186,26.04805451
AMC,2004,2006,2,2,316060,21.86275505
AMC,2005,2007,2,2,248816,18.83247412
AMC,2006,2008,2,1,147062,20.64
AMC,2007,2009,2,1,216639,23.16
AMC,2008,2010,2,1,223000,24.6
AMC,2009,2011,2,1,193931,38.74
AMC,2010,2012,2,1,213229,31.73
AMC,2011,2013,2,1,206400,17.06
AMC,2012,2014,2,1,257300,23.73
AMC,2013,2015,2,1,218900,34.2
AMC,2014,2016,2,1,220500,37.5
AMC,2015,2017,2,1,219500,39.43
AMC,2016,2018,2,1,249400,31.8
ANB,1981,1983,2,2,135163,28.74916308
ANB,1982,1984,2,3,144196,47.6
ANB,1983,1985,2,2,231932,26.1849956
ANB,1984,1986,2,5,930072,32.7
ANB,1985,1987,2,4,731177,41.47914076
ANB,1986,1988,2,4,708200,33.49449308
ANB,1987,1989,2,4,691060,37.41379909
ANB,1988,1990,2,6,1608000,42.19175995
ANB,1989,1991,2,4,388150,35.10925802
ANB,1990,1992,2,4,728470,25.22277925
ANB,1991,1993,2,6,377374,28.84554103
ANB,1992,1994,2,1,214980,25.3
ANB,1994,1996,2,6,556809,30.52455144
ANB,1995,1997,2,5,339758,34.00350014
ANB,1996,1998,2,4,542388,37.6505461
ANB,1997,1999,2,3,541467,40.69720943
ANB,1998,2000,2,1,421803,16.99
ANB,1999,2001,2,4,416329,21.27978282
ANB,2000,2002,2,4,452644,25.29399221
ANB,2001,2003,2,4,520466,18.00991992
ANB,2002,2004,2,4,491866,31.35162304
ANB,2003,2005,2,5,484630,30.62626579
ANB,2004,2006,2,6,654349,28.13777859
ANB,2005,2007,2,6,586666,20.41526265
ANB,2006,2008,2,6,641000,23.10669267
ANB,2007,2009,2,6,650085,24.09819716
ANB,2008,2010,2,6,671350,22.70555731
ANB,2009,2011,2,6,709000,26.04433004
ANB,2010,2012,2,6,726150,25.07383874
ANB,2011,2013,2,6,741744,24.16901443
ANB,2012,2014,2,7,1031700,21.72045168
ANB,2013,2015,2,4,415000,32.63857831
ANB,2014,2016,2,6,715846,21.58787368
ANB,2015,2017,2,5,729132,26.9347206
ANB,2016,2018,2,2,272480,29.04
ATN,1975,1976,1,1,6878,3.2
ATN,1976,1977,1,3,59464,3.2
ATN,1977,1978,1,3,72460,3.2
ATN,1978,1979,1,1,79761,3.2
ATN,1986,1987,1,8,1815336,2.856988183
ATN,1987,1988,1,4,1960523,4.359100454
ATN,1988,1989,1,6,1980353,4.179588387
ATN,1989,1990,1,6,2076013,6.116489348
ATN,1990,1991,1,6,2164677,5.645775929
ATN,1991,1992,1,3,1838487,6.264513646
ATN,1992,1993,1,3,1780248,5.94306518
ATN,1993,1994,1,2,1654333,6.002024199
ATN,1994,1995,1,2,1608003,4.975962358
ATN,1995,1996,1,2,1975850,5.549770327
ATN,1996,1997,1,6,2116668,4.1
ATN,1997,1998,1,6,1841578,5.299789637
ATN,1998,1999,1,6,1018696,5.849954746
ATN,1999,2000,1,6,1978641,4.281569699
ATN,2000,2001,1,6,1855242,5.471462418
ATN,2001,2002,1,6,1917411,4.524501716
ATN,2002,2003,1,6,1984402,4.315630653
ATN,2005,2006,1,6,1768797,5.478179147
ATN,2006,2007,1,6,1947958,4.859175208
ATN,2007,2008,1,6,1704685,5
ATN,2008,2009,1,4,1661483,4.908406044
ATN,2009,2010,1,8,986978,5.2
ATN,2010,2011,1,8,1958899,5.047941262
ATN,2011,2012,1,14,1732953,4.877670548
ATN,2012,2013,1,16,1705180,4.8825018
ATN,2013,2014,1,11,2162770,4.99490999
ATN,2014,2015,1,10,2257530,4.832385337
ATN,2015,2016,1,14,2307641,5.875457682
ATN,2016,2017,1,14,2100320,4.470527491
ATN,2017,2018,1,10,1980185,4.856013322
ATN,2018,2019,1,6,2134078,4.651813336
ATS,1990,1992,2,1,57974,15.9
ATS,1991,1993,2,1,349401,15.8
ATS,1992,1994,2,2,353453,11.2
ATS,1993,1995,2,1,353266,20.5
ATS,2007,2009,2,2,398202,22.10020994
ATS,2008,2010,2,2,293800,19.5
ATS,2009,2011,2,2,298110,20.02508302
ATS,2010,2012,2,2,294608,18.88155284
ATS,2011,2013,2,4,106077,20.68
BQR,1973,1974,1,4,344502,5.297670405
BQR,1974,1975,1,1,230571,8.19
BQR,1975,1976,1,1,836617,6.69
BQR,1976,1977,1,1,772225,6.29
BQR,1977,1978,1,2,2806325,6.081027112
BQR,1978,1979,1,3,2554090,6.07416481
BQR,1979,1980,1,3,2895927,6.486761331
BQR,1980,1981,1,2,4335402,6.565106073
BQR,1981,1982,1,2,3446828,6.973387253
BQR,1982,1983,1,1,2783940,8
BQR,1983,1984,1,6,3160882,8.388786832
BQR,1984,1985,1,10,3780332,6.948561819
BQR,1985,1986,1,8,6506864,7.319002088
BQR,1986,1987,1,8,7021836,8.868548455
BQR,1987,1988,1,8,6134313,7.500314415
BQR,1988,1989,1,10,5440607,6.687053062
BQR,1989,1990,1,8,5701175,5.19632039
BQR,1990,1991,1,8,5402553,5.052441059
BQR,1991,1992,1,7,4800641,5.686840803
BQR,1992,1993,1,8,4204039,4.638677567
BQR,1993,1994,1,8,3627454,5.899186702
BQR,1994,1995,1,8,4036768,6.034744528
BQR,1995,1996,1,8,4433842,6.257838619
BQR,1996,1997,1,7,4092348,5.943060316
BQR,1997,1998,1,7,3555166,5.992336504
BQR,1998,1999,1,7,3758648,6.727329242
BQR,1999,2000,1,7,3640441,7.398458923
BQR,2000,2001,1,8,3477099,7.482045447
BQR,2001,2002,1,9,4318854,5.882490538
BQR,2002,2003,1,6,3538926,8.370240929
BQR,2003,2004,1,6,3708463,4.681744014
BQR,2004,2005,1,10,3419372,6.220079371
BQR,2005,2006,1,9,3497200,5.856293435
BQR,2006,2007,1,8,3652482,6.489247703
BQR,2007,2008,1,8,3451279,5.47
BQR,2008,2009,1,7,3398054,5.12
BQR,2009,2010,1,11,3776231,6.5
BQR,2010,2011,1,12,3646066,5.360568103
BQR,2011,2012,1,11,4013694,5.626859265
BQR,2012,2013,1,11,2886624,7.95
BQR,2013,2014,1,8,2037723,6.490624094
BQR,2014,2015,1,4,3000614,5.64
BQR,2015,2016,1,4,2747632,5.78
BQR,2016,2017,1,4,3253767,4.97
BQR,2017,2018,1,4,3429979,4.25
BQR,2018,2019,1,4,3463577,5.99
CHI,1981,1982,1,1,356388,5.4
CHI,1982,1983,1,1,1120729,6.9
CHI,1983,1984,1,3,1027914,6.1
CHI,1984,1985,1,6,978395,6.200823594
CHI,1985,1986,1,1,122893,5.8
CHI,1986,1987,1,1,143217,5.2
CHI,1987,1988,1,1,614767,4.2
CHI,1988,1989,1,2,632413,5.9
CHI,1989,1990,1,2,465553,5.3
CHI,1990,1991,1,1,531732,5.2
CHI,1991,1992,1,2,1101852,6.200019966
CHI,1992,1993,1,2,1901378,5.63448257
CHI,1993,1994,1,2,1884776,5.987893946
CHI,1994,1995,1,4,1613410,5.923791597
CHI,1995,1996,1,2,813089,5.615352317
CHI,1996,1997,1,2,1905632,5.233336814
CHI,1997,1998,1,2,1921462,4.964670808
CHI,1998,1999,1,2,903657,5.648987171
CHI,1999,2000,1,4,613264,6.2
CHI,2000,2001,1,4,311968,5
CHI,2001,2002,1,2,615977,5.358743427
CHI,2002,2003,1,2,767412,5.323056637
CHI,2003,2004,1,2,356032,5.9
CHI,2004,2005,1,4,658591,4.813075854
CHI,2005,2006,1,4,565352,5.683683705
CHI,2006,2007,1,4,600909,5.868819139
CHI,2007,2008,1,2,646807,6.249163197
CHI,2008,2009,1,2,557110,5.394314947
CHI,2009,2010,1,2,667522,5.3
CHI,2010,2011,1,1,158675,5.42
CHI,2011,2012,1,4,629772,5.076112879
CHI,2012,2013,1,4,1135130,5.127945037
CHI,2013,2014,1,4,1022345,4.359531968
CHI,2014,2015,1,4,1011688,5.236553898
CHI,2015,2016,1,4,1004219,5.508463592
CHI,2016,2017,1,4,1038916,5.6
CHI,2017,2018,1,4,1007100,5.534865813
CHI,2018,2019,1,3,1299470,5.706652097
CHK,2010,2011,1,1,432131,3.93
CHK,2011,2012,1,3,426541,3.324779798
CHK,2012,2013,1,2,187796,3.9
CHK,2013,2014,1,2,237156,4.4
CHK,2014,2015,1,2,20449,4.504530295
CHK,2015,2016,1,3,40520,4.5
CHK,2000,2002,2,1,48546,3.7
CHK,2011,2013,2,1,93825,3.7
CHK,2012,2014,2,1,17361,3.7
CHK,2013,2015,2,1,36740,4.7
CHK,2014,2016,2,1,3578,4.3
CHK,2015,2017,2,1,3839,4.24
CHU,1998,1999,1,2,903994,5.406250926
CHU,1999,2000,1,4,613609,6.2
CHU,2000,2001,1,4,312704,5
CHU,2001,2002,1,2,617136,5.358525025
CHU,2002,2003,1,2,764652,5.323063224
CHU,2003,2004,1,1,355385,5.9
CHU,2004,2005,1,4,655145,4.813038518
CHU,2005,2006,1,4,585932,5.679195879
CHU,2006,2007,1,4,602388,5.868183164
CHU,2007,2008,1,2,645649,6.24912979
CHU,2008,2009,1,2,557002,5.394621204
CHU,2009,2010,1,1,334422,5.8
CHU,2011,2012,1,1,317245,5.23
CKO,1977,1978,1,2,150470,1.7
CKO,1978,1979,1,2,200263,1.895181536
COW,1979,1980,1,2,64681,2.8
COW,1980,1981,1,1,65000,2.3
COW,1981,1982,1,1,30373,3.1
COW,1982,1983,1,1,224944,2.9
COW,1983,1984,1,1,101000,4.27
COW,1985,1986,1,3,63886,4.26
COW,1987,1988,1,6,339399,6.375996482
COW,1988,1989,1,8,325556,5.576097661
COW,1989,1990,1,8,259695,5.201224937
COW,1990,1991,1,6,183717,5.040794918
COW,1991,1992,1,4,1518328,4.9812249
COW,1992,1993,1,4,1974432,4.940644601
COW,1993,1994,1,3,1826712,5.227523052
COW,1994,1995,1,3,1458289,5.593311559
COW,1995,1996,1,6,1891029,5.270117069
COW,1996,1997,1,6,2139650,5.109954408
COW,1997,1998,1,8,210921,5.460776641
COW,1998,1999,1,6,864917,4.702035513
COW,1999,2000,1,8,2480719,5.166569918
COW,2000,2001,1,5,2309891,5.098635308
COW,2001,2002,1,8,3131501,4.89371511
COW,2002,2003,1,6,1835764,5.262777852
COW,2003,2004,1,8,1545088,4.646076016
COW,2005,2006,1,8,1723220,4.74975244
COW,2006,2007,1,8,649288,5.407356366
COW,2007,2008,1,13,409101,6.78653731
COW,2008,2009,1,20,1563051,5.515712283
COW,2009,2010,1,10,397948,7.420533964
COW,2010,2011,1,10,438541,6.717627793
COW,2011,2012,1,14,739361,5.822238798
COW,2012,2013,1,16,812932,5.490343596
COW,2013,2014,1,4,237756,5.125742358
COW,2014,2015,1,17,826620,5.152531998
COW,2015,2016,1,17,723370,4.678983591
COW,2016,2017,1,10,450245,3.59
COW,2017,2018,1,15,613214,3.848823739
COW,2018,2019,1,11,486882,3.33924647
CWF,1977,1978,1,1,656786,3.41
CWF,1978,1979,1,1,4303675,8.32
CWF,1979,1980,1,1,5925956,3.53
CWF,1980,1981,1,2,6178782,5.416912722
CWF,1981,1982,1,1,5594843,5.15
CWF,1982,1983,1,1,4719400,6.47
CWF,1983,1984,1,4,6523700,4.752141124
CWF,1984,1985,1,4,4912023,6.842154222
CWF,1985,1986,1,1,4459100,7.22
CWF,1986,1987,1,1,6266800,6.71
CWF,1987,1988,1,1,6687800,6.84
CWF,1988,1989,1,1,7832400,7.06
CWF,1989,1990,1,1,6706700,7.84
CWF,1990,1991,1,1,7058200,6.67
CWF,1991,1992,1,1,6270300,7.05
CWF,1992,1993,1,1,4152100,6.29
CWF,1993,1994,1,1,4419900,8
CWF,1994,1995,1,2,206507,6.547708455
CWF,1995,1996,1,2,194099,5.702095529
CWF,1996,1997,1,2,206613,5.65340995
CWF,1997,1998,1,1,199199,7.55
CWF,1998,1999,1,1,361477,8.72
CWF,1999,2000,1,1,202935,8.09
CWF,2000,2001,1,1,202552,6.97
CWF,2001,2002,1,1,209732,7
CWF,2002,2003,1,1,203595,8.89
CWF,2003,2004,1,1,204079,7.39
CWF,2004,2005,1,1,200752,7.88
CWF,2005,2006,1,1,4758152,8.09
CWF,2006,2007,1,1,203215,8.57
CWF,2007,2008,1,1,203676,7.28
CWF,2008,2009,1,1,202010,7.74
CWF,2009,2010,1,1,199615,7.14
CWF,2010,2011,1,1,204253,6.13
CWF,2011,2012,1,1,200966,6.12
CWF,2012,2013,1,1,201847,5.68
CWF,2013,2014,1,6,1213422,5.674609328
CWF,2014,2015,1,3,1208055,5.866599923
CWF,2015,2016,1,2,1205165,5.873693859
CWF,2016,2017,1,1,1011289,5.85
CWF,2017,2018,1,4,1505055,6.053307693
DOM,2000,2001,1,2,53263,3.08
DOM,2001,2002,1,2,52591,2.36
DOM,1986,1988,2,5,54575,11
DOM,1987,1989,2,5,55290,12.15
DOM,1988,1990,2,5,55242,12.2
DOM,1989,1991,2,3,32745,11.89
DOM,1990,1992,2,2,57626,12.54
DOM,1991,1993,2,2,53596,11.8
DOM,1992,1994,2,2,60717,10.5
DOM,1993,1995,2,1,52879,11.14
DOM,1994,1996,2,2,51741,11.5
DOM,1995,1997,2,2,57427,9.49
DOM,1996,1998,2,2,50696,11
DOM,1997,1999,2,2,52452,15.13
DOM,1998,2000,2,2,52437,12.8
DOM,2000,2002,2,2,50457,11.88
DOM,2001,2003,2,2,50528,10.62
DOM,2002,2004,2,2,55123,8
ELK,1977,1978,1,1,498963,47.54
ELK,1978,1979,1,1,27251,36.61
ELK,1979,1980,1,4,104905,35.28060398
ELK,1980,1981,1,4,100580,38.94178236
ELK,1981,1982,1,2,125586,35.35835109
ELK,1982,1983,1,1,340970,45.96
ELK,1983,1984,1,1,152525,45.49
ELK,1984,1985,1,1,38645,39.2
ELK,1985,1986,1,1,37308,33.67
ELK,1986,1987,1,1,32084,42.91
ELK,1987,1988,1,1,175235,34.21
ELK,1988,1989,1,1,184617,33.87
ELK,1989,1990,1,1,334809,41.31
ELK,1990,1991,1,5,183731,44.1413394
ELK,1991,1992,1,5,201887,35.39130008
ELK,1992,1993,1,5,184614,50.10390128
ELK,1993,1994,1,5,230530,47.36595372
ELK,1994,1995,1,1,325889,49.52
ELK,1995,1996,1,1,321567,36.06
ELK,1996,1997,1,1,322931,29.88
ELK,1997,1998,1,2,328270,52.14
ELK,1998,1999,1,1,350870,52.93
ELK,1999,2000,1,1,327987,47.95
ELK,2000,2001,1,1,330883,32.7
ELK,2001,2002,1,1,312650,37.8
ELK,2002,2003,1,1,323358,52.32
ELK,2003,2004,1,1,314716,45.54
ELK,2004,2005,1,1,313346,44.17
ELK,2005,2006,1,1,317954,44.82
ELK,2006,2007,1,1,287409,40.46
ELK,2007,2008,1,2,320992,39.65
ELK,2008,2009,1,1,298708,49.63
ELK,2009,2010,1,1,282977,39.86
ELK,2010,2011,1,1,312380,48.51
ELK,2011,2012,1,1,323328,34.73
ELK,2012,2013,1,1,324071,31.46
ELK,2013,2014,1,1,313888,34.57
ELK,2014,2015,1,1,245913,44.69
ELK,2015,2016,1,1,251993,33.11
ELK,2016,2017,1,1,259612,37.18
ELK,2017,2018,1,5,263099,40.5
ELW,1982,1983,1,3,1379411,5.358024062
ELW,1983,1984,1,3,1365220,7.67705791
ELW,1984,1985,1,3,1473435,7.382448394
ELW,1985,1986,1,7,1457728,7.599318227
ELW,1986,1987,1,1,141900,5.67
ELW,1988,1989,1,1,370627,6.49
ELW,1989,1990,1,2,240366,7.160129136
ELW,1990,1991,1,1,352853,8.52
ELW,1991,1992,1,1,434738,9.89
ELW,1992,1993,1,1,212225,11.93
ELW,1993,1994,1,1,1467000,6.77
ELW,1994,1995,1,3,291691,6.881076516
ELW,2012,2013,1,2,251892,7.62
ELW,2013,2014,1,1,251024,6.7
ELW,2014,2015,1,1,250295,7.57
ELW,2015,2016,1,1,250072,9.12
ELW,2016,2017,1,2,250703,6.96
ELW,2017,2018,1,1,247797,7.44
ELW,2018,2019,1,1,250000,7.71
ELW,2017,2019,2,1,201000,48.51
ELW,2018,2020,2,1,190000,63.61
GAD,1972,1973,1,2,2198620,7.012573501
GAD,1974,1975,1,1,659921,8.55
GAD,1975,1976,1,1,957675,6.66
GAD,1978,1979,1,2,972410,4.385080182
GAD,1979,1980,1,2,2306900,3.02
GAD,1980,1981,1,3,3221439,3.980147428
GAD,1981,1982,1,2,2652687,4.306130324
GAD,1985,1986,1,4,3787100,5.27
GAD,1986,1987,1,1,3900000,6.12
GAD,1987,1988,1,1,3956981,8.24
GAD,1988,1989,1,1,4023200,6.47
GAD,1989,1990,1,1,4177000,7.06
GAD,1990,1991,1,1,4027600,6.6
GAD,1991,1992,1,2,3904958,7.597733425
GAD,1992,1993,1,2,217468,6.04
GAD,1993,1994,1,1,1317200,5.73
GAD,1994,1995,1,2,228216,9.25
GAD,1995,1996,1,1,217509,6.42
GAD,1996,1997,1,1,226341,6.97
GAD,1997,1998,1,1,226386,6.97
GAD,1998,1999,1,2,452497,6.57
GAD,1999,2000,1,2,439680,5.96
GAD,2000,2001,1,4,451197,6.53
GAD,2001,2002,1,2,452535,6.87
GAD,2002,2003,1,2,434329,6.38
GAD,2003,2004,1,2,452432,6.67
GAD,2004,2005,1,2,450002,6.67
GAD,2005,2006,1,2,451398,6.47
GAD,2006,2007,1,2,452791,7.08
GAD,2007,2008,1,2,446167,6.96
GAD,2008,2009,1,2,455312,6.21
GAD,2009,2010,1,2,454699,6.77
GAD,2010,2011,1,2,456808,6.67
GAD,2011,2012,1,2,455700,7.31
GAD,2012,2013,1,2,447778,6.29
GAD,2013,2014,1,2,460061,6.38
GAD,2014,2015,1,3,641969,6.7
GAD,2015,2016,1,3,646522,6.87
GAD,2016,2017,1,3,649647,6.441593727
GAD,2017,2018,1,3,656065,5.645901046
GAD,2018,2019,1,3,635588,6.04
GAD,2019,2020,1,3,654930,6.57
GRN,1971,1972,1,7,615702,5.985997528
GRN,1972,1973,1,3,344000,3.067250581
GRN,1973,1974,1,2,772310,3.798302547
GRN,1974,1975,1,2,80218,4.87
GRN,1975,1976,1,1,1196988,5.52
GRN,1978,1979,1,3,4765533,4.522482568
GRN,1979,1980,1,1,2857500,4.27
GRN,1980,1981,1,2,171279,2.79
GRN,1981,1982,1,1,4252120,3.48
GRN,1985,1986,1,4,2089300,3.74
GRN,1986,1987,1,1,503500,6.57
GRN,1987,1988,1,1,720100,4.44
GRN,1988,1989,1,2,3949158,5.982354264
GRN,1989,1990,1,1,3770574,5.85
GRN,1990,1991,1,1,2837800,7.31
GRN,1991,1992,1,1,2906000,5.81
GRN,1992,1993,1,1,3188500,5.61
GRN,1993,1994,1,1,3240100,6.18
GRN,1994,1995,1,2,306894,6.67
GRN,1995,1996,1,2,199175,9.226632358
GRN,1996,1997,1,1,202733,6.47
GRN,1997,1998,1,2,410350,6.67
GRN,1998,1999,1,2,400948,5.81
GRN,1999,2000,1,2,4.00E+05,5.89
GRN,2000,2001,1,2,405433,7.08
GRN,2001,2002,1,2,363899,6.67
GRN,2002,2003,1,2,399900,6.38
GRN,2003,2004,1,2,399700,6.87
GRN,2004,2005,1,2,410279,7.19
GRN,2005,2006,1,2,398000,6.21
GRN,2006,2007,1,2,410000,6.21
GRN,2007,2008,1,2,405306,6.21
GRN,2008,2009,1,2,403887,6.12
GRN,2009,2010,1,2,410125,5.66
GRN,2010,2011,1,2,410208,6.04
GRN,2011,2012,1,2,407383,5.53
GRN,2012,2013,1,2,408648,5.27
GRN,2013,2014,1,2,404205,4.53
GRN,2014,2015,1,2,408262,5.71
GRN,2015,2016,1,2,405033,4.77
GRN,2016,2017,1,2,403998,5.74
GRN,2017,2018,1,2,408187,5.81
GRN,2018,2019,1,2,405166,4.77
GRN,2019,2020,1,5,1404437,4.731371048
GRO,1981,1982,1,1,489965,9.46
GRO,1982,1983,1,1,520800,6.49
GRO,1983,1984,1,1,594000,6.38
GRO,1984,1985,1,1,606500,7.57
GRO,1985,1986,1,1,637032,7.33
GRO,1986,1987,1,1,554163,6.58
GRO,1987,1988,1,1,531351,7.03
GRO,1988,1989,1,1,380239,3.88
GRO,1989,1990,1,1,501391,8.25
GRO,1990,1991,1,1,580288,10.09
GRO,1991,1992,1,1,509815,9.39
GRO,1992,1993,1,1,493457,6.58
GRO,1993,1994,1,1,268873,9.93
GRO,1994,1995,1,91,220394,6.78
GRO,1995,1996,1,1,563320,7.96
GRO,1996,1997,1,1,590949,7.09
GRO,1997,1998,1,1,508565,11.98
GRO,1998,1999,1,1,579481,9.07
GRO,1999,2000,1,2,519595,8.1
GRO,2000,2001,1,2,452102,5.18
GRO,2001,2002,1,2,671424,6.77
GRO,2002,2003,1,2,406589,7.32
GRO,2003,2004,1,2,390937,6.3
GRO,2004,2005,1,2,287280,6.87
GRO,2005,2006,1,2,378222,5.67
GRO,2006,2007,1,2,395579,6.18
GRO,2007,2008,1,2,403572,5.47
GRO,2008,2009,1,2,408859,5.21
GRO,2009,2010,1,2,462657,5.6
GRO,2010,2011,1,2,400758,6.98
GRO,2011,2012,1,2,419327,7.09
GRO,2012,2013,1,2,350502,8.1
GRO,2013,2014,1,2,400832,7.217988384
GRO,2014,2015,1,2,568354,4.72
GRO,2015,2016,1,2,467677,5.53
GRO,2016,2017,1,2,457310,6.913288076
GRO,2017,2018,1,4,411416,6.3
GRO,2018,2019,1,4,408228,4.88
GRO,2019,2020,1,2,204111,7.09
HAN,1986,1987,1,1,379308,7.68
HAN,1987,1988,1,1,413088,1.58
HAN,1988,1989,1,1,411420,1.37
HAN,1989,1990,1,1,296410,1.9
HAN,1990,1991,1,1,401296,1.67
HAN,1991,1992,1,1,242950,3.65
HAN,1992,1993,1,1,410863,1.88
HAN,1993,1994,1,1,193732,3.23
HAN,1994,1995,1,1,300277,2.17
HAN,1995,1996,1,3,294951,1.939209598
HAN,1996,1997,1,1,184524,1.82
HAN,1997,1998,1,1,405096,2.15
HAN,1998,1999,1,1,261830,2.45
HAN,2000,2001,1,4,409850,2.26
HAN,2001,2002,1,2,255516,6.47
HAR,1980,1981,1,2,39298,5
HAR,1981,1982,1,1,79591,1.6
HAR,1982,1983,1,4,683630,4.989610608
HAR,1983,1984,1,7,1641491,3.559214214
HAR,1984,1985,1,5,415942,3.887491525
HAR,1985,1986,1,8,370081,4.021262643
HAR,1986,1987,1,8,543355,2.528206053
HAR,1987,1988,1,4,1201084,4.028032594
HAR,1988,1989,1,2,265242,2.2
HAR,1989,1990,1,3,1608367,1.416543469
HAR,1990,1991,1,2,2280810,1.604964026
HAR,1991,1992,1,2,2305361,2.409107771
HAR,1992,1993,1,3,3158907,2.053179764
HAR,1993,1994,1,3,2032254,1.806838318
HAR,1994,1995,1,3,2406890,1.783709974
HAR,1995,1996,1,3,337097,3.228454718
HAR,1996,1997,1,3,2318478,2.141521636
HAR,1997,1998,1,3,2762976,2.097551698
HAR,1998,1999,1,5,2866239,2.685471798
HAR,1999,2000,1,4,2146882,2.122804616
HAR,2000,2001,1,2,1851692,2.264659479
HAR,2001,2002,1,2,2321045,2.324939982
HAR,2002,2003,1,2,1986702,2.265755267
HAR,2003,2004,1,2,1337997,3.102469781
HAR,2005,2006,1,2,108054,5.275459955
HAR,2006,2007,1,7,206723,5.935697528
HAR,2007,2008,1,8,209633,5.266063215
HAR,2008,2009,1,4,291153,6
HAR,2009,2010,1,4,269015,5.72
HAR,2010,2011,1,4,195332,6.25
HAR,2011,2012,1,7,324483,5.853647618
HAR,2012,2013,1,6,324003,6.6
HAR,2013,2014,1,5,277447,5.83
HAR,2014,2015,1,6,291658,5.56
HAR,2015,2016,1,2,114721,6.11
HAR,2016,2017,1,4,235275,6.33
HAR,2017,2018,1,6,338069,5.63
HAR,2018,2019,1,5,215070,6.63
HOK,1985,1986,1,1,138120,3.77
HOK,1986,1987,1,1,162500,6.49
HOK,1987,1988,1,1,239158,7.62
HOK,1989,1990,1,1,115300,7.37
HOK,1990,1991,1,1,193977,8.73
HOK,1991,1992,1,1,223267,8.73
HOK,1992,1993,1,1,190588,7.63
HOK,1993,1994,1,1,234767,7.72
HOK,1994,1995,1,1,326458,5.46
HOK,1995,1996,1,1,210074,8.49
HOK,1996,1997,1,1,82736,8.47
HOK,1997,1998,1,1,239800,7.5
HOK,1998,1999,1,1,186390,7.09
HOK,1999,2000,1,1,149678,7.82
HOK,2000,2001,1,1,149634,6.05
HOK,2001,2002,1,1,181789,7.32
HOK,2002,2003,1,1,222337,6.48
HOK,2003,2004,1,3,304012,8.531815224
HOK,2004,2005,1,2,238830,5.877293179
HOK,2005,2006,1,1,82851,4.93
HOK,2006,2007,1,1,91449,9.22
HOK,2007,2008,1,1,210854,4.89
HOK,2008,2009,1,1,68340,8.76
HOK,2009,2010,1,1,160865,6.19
HOK,2010,2011,1,1,214424,7.2
HOK,2011,2012,1,2,268052,6.292318692
HOK,2012,2013,1,2,464469,5.08414131
HOK,2013,2014,1,2,350090,7.886702591
HOK,2014,2015,1,2,426906,5.999676228
HOK,2015,2016,1,1,111450,6.53
HOK,2016,2017,1,2,231967,5.748849578
HOK,2017,2018,1,2,406924,4.999869705
HOK,2018,2019,1,1,432182,3.52
ISS,1978,1979,1,1,2712063,3.1
ISS,1979,1980,1,1,124012,3.62
ISS,1980,1981,1,1,143451,3.1
ISS,1981,1982,1,1,2927423,3.44
ISS,1985,1986,1,1,598600,4.19
ISS,1986,1987,1,1,2995800,5.25
ISS,1987,1988,1,1,2996000,4.58
KIT,1977,1978,1,2,75496,5.4
KIT,1978,1979,1,1,151771,5.2
KIT,1979,1980,1,1,39199,5
KLM,1976,1977,1,1,25853,3.02
KLM,1977,1978,1,1,58200,4.12
KLM,1979,1980,1,1,51890,3.02
KLM,1980,1981,1,1,63115,2.1
KLM,1981,1982,1,2,100650,2.1
KLM,1983,1984,1,1,30716,5.4
KLM,1984,1985,1,8,210309,2.624143522
KLM,1985,1986,1,4,181939,2.839251617
KLM,1986,1987,1,5,138588,2.974299579
KLM,1987,1988,1,6,199770,3.216284077
KLM,1988,1989,1,7,199487,2.5
KLM,1989,1990,1,9,222529,1.29
KLM,1990,1991,1,8,252869,2.27
KLM,1991,1992,1,3,225000,2.5
KLM,1992,1993,1,7,186637,1.84
KLM,1993,1994,1,3,200497,2.3
KLM,1994,1995,1,8,203916,2.2
KLM,1995,1996,1,7,196220,2
KLM,1996,1997,1,6,174511,2.4
KLM,1997,1998,1,7,167169,2.4
KLM,1998,1999,1,5,200800,2.3
KLM,1999,2000,1,8,206365,2.4
KLM,2000,2001,1,7,213992,2.3
KLM,2001,2002,1,8,205226,2.3
KLM,2002,2003,1,6,201232,2.27
KLM,2003,2004,1,4,175264,2.2
KLM,2004,2005,1,6,192312,2.398449395
KLM,2005,2006,1,8,201094,2
KLM,2006,2007,1,5,133400,2.6
KLM,2007,2008,1,5,156210,2.4
KLM,2008,2009,1,11,217331,3.3
KLM,2009,2010,1,14,219775,3
KLM,2010,2011,1,7,220229,3
KLM,2011,2012,1,6,169654,3
KLM,2012,2013,1,5,113998,3
KLM,2013,2014,1,6,175794,3
KLM,2014,2015,1,7,177679,2.5
KLM,2015,2016,1,9,203044,2.5
KLM,2016,2017,1,6,159052,2.5
KLM,2017,2018,1,3,134484,2.315349781
KLM,2018,2019,1,3,209139,2.5
KLY,1984,1986,2,1,17268,64.18
KLY,1985,1987,2,1,19798,72
KLY,1987,1989,2,2,28037,27.8
KLY,1989,1991,2,3,29205,22.79
KLY,1996,1998,2,1,20403,24
KLY,1999,2001,2,1,30538,19.4
KLY,2000,2002,2,1,28028,16.7
KLY,2001,2003,2,2,26364,17.88611743
KLY,2002,2004,2,2,23247,14.84567557
KLY,2003,2005,2,2,25058,18.00873972
KLY,2004,2006,2,3,36841,16.11944573
KLY,2005,2007,2,2,247,16.5
KLY,2006,2008,2,2,25888,18.07277503
KLY,2007,2009,2,2,21657,17
KLY,2008,2010,2,3,48019,15.29450842
KLY,2009,2011,2,2,64683,15.7524079
KLY,2010,2012,2,4,63782,19
KLY,2011,2013,2,2,59249,20
KLY,2012,2014,2,4,33297,16
KLY,2013,2015,2,4,66429,17.5
KLY,2014,2016,2,4,63688,15
KLY,2015,2017,2,2,54321,17.5
KLY,2016,2018,2,2,52550,17.5
KLY,2017,2019,2,2,56682,17.5
LRH,1976,1977,1,3,955164,5.75867115
LRH,1977,1978,1,9,4764051,6.23652115
LRH,1978,1979,1,4,17985479,6.114432422
LRH,1979,1980,1,3,12644428,5.366872235
LRH,1980,1981,1,5,14870233,5.91821494
LRH,1981,1982,1,4,12282780,5.369695816
LRH,1982,1983,1,8,7452942,5.659393609
LRH,1983,1984,1,7,9090641,6.861431407
LRH,1984,1985,1,7,4986184,8.311926985
LRH,1985,1986,1,5,4933546,6.282014399
LRH,1986,1987,1,5,5768922,7.12
LRH,1987,1988,1,5,5058277,7.83
LRH,1988,1989,1,5,4595132,6.82
LRH,1989,1990,1,5,5869652,10.01
LRH,1990,1991,1,5,9516779,7.72
LRH,1991,1992,1,5,10092295,7.871531571
LRH,1992,1993,1,9,12389061,7.131989562
LRH,1993,1994,1,8,13167575,7.498962261
LRH,1994,1995,1,3,11033730,7.371819099
LRH,1995,1996,1,3,3731713,5.112766327
LRH,1996,1997,1,1,5961118,5.88
LRH,1997,1998,1,2,5867783,5.981195078
LRH,1998,1999,1,1,5804921,5.67
LRH,1999,2000,1,1,5821235,6.07
LRH,2000,2001,1,1,4537448,5.77
LRH,2001,2002,1,1,5765933,5.99
LRH,2002,2003,1,1,5764833,5.77
LRH,2003,2004,1,1,5887836,5.96
LRH,2004,2005,1,1,5865175,6.16
LRH,2005,2006,1,1,5850219,5.72
LRH,2006,2007,1,2,4467016,5.91
LRH,2007,2008,1,2,4286153,5.9
LRH,2008,2009,1,1,5666218,5.88
LRH,2009,2010,1,2,3948579,5.652661958
LRH,2010,2011,1,2,3255120,5.65
LRH,2011,2012,1,4,3614747,5.5
LRH,2012,2013,1,2,2956068,5.61
LRH,2013,2014,1,2,2837901,6.13
LRH,2014,2015,1,1,3120715,5.79
LRH,2015,2016,1,1,3090605,6.01
LRH,2016,2017,1,1,2312352,5.84
LRH,2017,2018,1,1,2250280,5.87
LRW,1977,1978,1,3,121918,2.851810069
LRW,1978,1979,1,6,268370,5.185848046
LRW,1979,1980,1,7,344700,1.838548564
LRW,1982,1983,1,2,148156,1.183318934
LRW,1983,1984,1,2,209548,1.563191154
LRW,1984,1985,1,2,142842,1.557612047
LRW,1985,1986,1,2,175971,1.675089986
LRW,1986,1987,1,2,169533,9.07
LRW,1987,1988,1,2,153647,2.59
LRW,1988,1989,1,1,208642,2.18
LRW,1989,1990,1,1,21053,1.89
LRW,1990,1991,1,1,204486,1.88
LRW,1991,1992,1,1,197025,1.97
LRW,1992,1993,1,1,118738,1.41
LRW,1993,1994,1,1,128873,1.61
LRW,1994,1995,1,1,200106,1.4
LRW,1996,1997,1,1,193340,1.41
LRW,1997,1998,1,1,109098,1.41
LRW,1998,1999,1,1,58764,2.26
LRW,1999,2000,1,2,197898,1.902785677
LRW,2000,2001,1,2,126626,1.974662708
LRW,2001,2002,1,1,101598,3.94
LRW,2002,2003,1,2,195756,2.03993778
LRW,2003,2004,1,2,128734,2.949833455
LRW,2004,2005,1,3,203120,3.262087141
LRW,2005,2006,1,2,198886,3.249047193
LRW,2006,2007,1,2,158166,2.132923005
LRW,2007,2008,1,1,110757,2.16
LRW,2008,2009,1,1,93644,2.33
LRW,2009,2010,1,1,74478,3.08
LRW,2010,2011,1,3,207556,2.45
LRW,2011,2012,1,1,95038,2.83
LRW,2012,2013,1,1,68625,2.45
LRW,2013,2014,1,1,104400,3.02
LRW,2014,2015,1,1,15839,2.38
LRW,2015,2016,1,2,47127,2.35439175
LRW,2016,2017,1,2,84352,9.07
LRW,2017,2018,1,2,105110,9.07
LYF,1984,1985,1,3,539392,6.77
LYF,1986,1987,1,2,257183,9.44
LYF,1987,1988,1,4,2221686,8.55
LYF,1988,1989,1,4,549884,5.549372577
LYF,1989,1990,1,4,501120,7.781261614
LYF,1992,1993,1,1,206712,7.43
LYF,1994,1995,1,2,25858,9.07
LYF,1998,1999,1,1,204194,9.48
LYF,1999,2000,1,1,196643,9.97
LYF,2001,2002,1,1,194582,8.72
LYF,2002,2003,1,1,200092,9.07
LYF,2003,2004,1,1,201534,8.8
LYF,2004,2005,1,1,200171,8.89
LYF,2005,2006,1,1,202211,8.67
LYF,2006,2007,1,1,199817,7.4
LYF,2007,2008,1,1,200733,9.31
LYF,2008,2009,1,1,200695,8.77
LYF,2009,2010,1,1,202328,8.65
LYF,2010,2011,1,1,202200,9.07
LYF,2011,2012,1,1,200900,9.07
LYF,2012,2013,1,1,211600,6.67
LYF,2013,2014,1,1,209972,9.07
LYF,2014,2015,1,1,204362,7.82
LYF,2015,2016,1,1,202460,8.72
LYF,2016,2017,1,1,204373,8.51
LYF,2017,2018,1,1,199573,6.97
LYY,1984,1986,2,1,441676,56.69
LYY,1986,1988,2,4,367886,56.69
LYY,1987,1989,2,4,373971,45.35
LYY,1988,1990,2,4,436354,47.10874111
LYY,1991,1993,2,1,9393,50.39
LYY,1992,1994,2,10,499768,41.23
LYY,1993,1995,2,4,379483,58.33886801
LYY,1994,1996,2,2,404270,43.19
LYY,1995,1997,2,2,456776,48.82
LYY,1996,1998,2,2,418992,44.91
LYY,1997,1999,2,1,432166,54.45
LYY,1998,2000,2,1,456401,50.56
LYY,1999,2001,2,1,338757,52.13
LYY,2000,2002,2,1,432511,48.77
LYY,2001,2003,2,1,518436,46.71
LYY,2002,2004,2,1,446355,45.86
LYY,2003,2005,2,3,453198,48.35
LYY,2004,2006,2,2,450000,45.204265
LYY,2005,2007,2,2,503160,42.77430825
LYY,2006,2008,2,2,459633,45.35
LYY,2007,2009,2,2,851482,49.3
LYY,2008,2010,2,2,478852,46.28
LYY,2009,2011,2,2,463729,45.81
LYY,2010,2012,2,2,490000,43.61
LYY,2011,2013,2,2,489500,44.46
LYY,2012,2014,2,2,503273,47.24
LYY,2013,2015,2,2,452372,46.76
LYY,2014,2016,2,2,487177,43.19
LYY,2015,2017,2,2,457743,41.99
LYY,2016,2018,2,2,472511,43.61
MSH,1985,1986,1,4,144987,4.334041673
MSH,1986,1987,1,2,610900,5.238549681
MSH,1987,1988,1,4,1037500,4.900578313
MSH,1988,1989,1,4,908020,4.891887844
MSH,1989,1990,1,4,1042289,9.634321863
MSH,1990,1991,1,2,879883,8.652102154
MSH,1991,1992,1,2,820281,9.00179085
MSH,1992,1993,1,1,518100,7.6
MSH,1993,1994,1,1,442340,7.9
MSH,1994,1995,1,1,413220,8.1
MSH,1995,1996,1,1,417150,8.6
MSH,1996,1997,1,1,262200,6.6
MSH,1997,1998,1,1,327580,7.9
MSH,1998,1999,1,3,282900,8.7
MSH,1999,2000,1,3,283800,8.4
MSH,2000,2001,1,3,254500,8.56
MSH,2001,2002,1,3,255400,10.43
MSH,2008,2009,1,4,209100,8.2
MSH,2009,2010,1,3,155400,8.86
MSH,2010,2011,1,4,161680,8.5
MSH,2011,2012,1,3,178750,8.19
MSH,2012,2013,1,3,133600,9.71
MSH,2013,2014,1,3,156920,8.64
MSH,2014,2015,1,5,150393,8.64
MSH,2015,2016,1,3,151049,8.22
MSH,2016,2017,1,3,148786,8.55
MSH,2017,2018,1,4,172368,7.851192913
MSH,2018,2019,1,4,166317,8.82
NAN,1979,1980,1,1,61474,5.7
NAN,1980,1981,1,1,179500,4.42
NAN,1982,1983,1,1,105114,7
NAN,1987,1988,1,4,542836,6.7
NAN,1988,1989,1,4,503107,5.934717267
NAN,1989,1990,1,4,254762,6.230994418
NAN,1990,1991,1,5,119543,6.006228721
NAN,1991,1992,1,4,613149,3.884215256
NAN,1992,1993,1,4,461165,6
NAN,1993,1994,1,4,370747,6.301786663
NAN,1994,1995,1,3,304213,6.19190817
NAN,1995,1996,1,2,526513,6.465956396
NAN,1996,1997,1,4,465936,5.102962295
NAN,1997,1998,1,2,59491,6.01
NAN,1999,2000,1,6,352571,5.028548009
NAN,2000,2001,1,3,317363,4.9
NAN,2001,2002,1,6,307657,4.684860835
NAN,2002,2003,1,2,79876,14.96394411
NAN,2004,2005,1,7,263669,5
NIC,1985,1986,1,1,109210,6.1
NIC,1986,1987,1,3,105200,9.6
NIC,1987,1988,1,1,109834,6.3
NIC,1985,1987,2,2,66050,15.2
NIC,1987,1989,2,2,74895,18
NIC,1988,1990,2,4,170157,17
NIC,1989,1991,2,4,211326,18.77889611
NIC,1990,1992,2,3,216738,20.4
NIC,1991,1993,2,1,214749,17
NIC,1992,1994,2,1,226787,19.2
NIC,1993,1995,2,3,167260,21.67296843
NIC,1994,1996,2,2,159129,15.13097675
NIC,1995,1997,2,2,203109,15.77782865
NIC,1996,1998,2,2,187306,16.04377222
NIC,1997,1999,2,2,142462,16.91971684
NIC,1998,2000,2,2,69792,20.24
NIC,1999,2001,2,3,157173,14.76
NIC,2000,2002,2,3,151302,13.80755311
NIC,2001,2003,2,3,171138,12.01831539
NIC,2002,2004,2,2,182986,12.9
NIC,2003,2005,2,5,159806,16
NIC,2004,2006,2,3,141243,15.87
NIC,2005,2007,2,5,140523,16.16113277
NIC,2006,2008,2,3,154866,14.03
NIC,2007,2009,2,3,147266,17.82
NIC,2008,2010,2,3,131912,17.26791224
NIC,2009,2011,2,4,211920,18.28151779
NIC,2010,2012,2,7,196017,14.3
NIC,2011,2013,2,6,218965,17.86235987
NIC,2012,2014,2,6,200901,14.43604761
NIC,2013,2015,2,5,177549,17.08631341
NIC,2014,2016,2,4,175287,14.96
NIC,2015,2017,2,3,82563,16.21
NIC,2016,2018,2,4,157587,17.5
NIC,2017,2019,2,4,173688,16.73
NIC,2018,2020,2,5,183590,16.34
NIS,1979,1980,1,1,815810,3.91
NIS,1980,1981,1,2,308900,4.83
NIS,1981,1982,1,2,602984,5.96
NIS,1982,1983,1,2,730965,6.3
NIS,1983,1984,1,2,753275,5.67
NIS,1984,1985,1,2,988998,4.584337077
NIS,1985,1986,1,2,1394133,6.07387354
NIS,1986,1987,1,1,1035072,11.34
NIS,1987,1988,1,1,1045000,9.07
NIS,1988,1989,1,1,9.00E+05,9.66
NIS,1989,1990,1,1,1100000,9.07
NIS,1990,1991,1,1,1100000,11.35
NIS,1991,1992,1,1,648000,9.07
NIS,1992,1993,1,1,527000,7.57
NIS,1993,1994,1,1,802000,9.86
NIS,1994,1995,1,1,913500,7.09
NIS,1995,1996,1,1,2077999,9.1
NIS,1996,1997,1,1,2945000,11.13
NIS,1997,1998,1,1,2665000,10.37
NIS,1998,1999,1,2,3135000,8.828516746
NIS,1999,2000,1,2,447750,8.43
NIS,2000,2001,1,4,2708308,8.4
NIS,2001,2002,1,4,3463953,8.1
NIS,2002,2003,1,4,2864133,7.728172564
NIS,2003,2004,1,4,3539184,8.25
NIS,2004,2005,1,2,2942414,8.4
NIS,2005,2006,1,2,3605402,7.5
NIS,2006,2007,1,2,410001,8.25
NIS,2007,2008,1,2,362760,8.25
NIS,2008,2009,1,2,3474964,8.25
NIS,2009,2010,1,2,407122,8.25
NIS,2010,2011,1,2,3662924,8.25
NIS,2011,2012,1,2,3140689,8.25
NIS,2012,2013,1,2,3731460,7.56
NIS,2013,2014,1,2,2996774,8.25
NIS,2014,2015,1,2,3491448,8.25
NIS,2015,2016,1,1,2850413,7.96
NIS,2016,2017,1,2,2496787,7.56
NIS,2017,2018,1,4,404804,7.32
NIS,2018,2019,1,4,2070928,7.56
NIS,2019,2020,1,3,466823,8.25
NKF,1977,1978,1,2,359531,5.985041012
NKF,1979,1980,1,2,2536048,3.610669388
NKS,1982,1983,1,1,22270,15.13
NKS,1984,1985,1,1,147427,5.36
NKS,1981,1983,2,1,54256,47.24
NKS,1982,1984,2,1,11032,60.47
NKS,1984,1986,2,2,201835,70.87
NKS,1986,1988,2,3,90841,56.69
NKS,1987,1989,2,2,94204,62.13
NKS,1988,1990,2,1,376792,59.68
NKS,1989,1991,2,1,346632,56.69
NKS,1990,1992,2,1,173200,56.69
NKS,1992,1994,2,1,292300,83.99
NKS,1993,1995,2,1,136933,54.64
NKS,1994,1996,2,3,185962,85.91939547
NKS,1995,1997,2,1,187765,47.24
NKS,1996,1998,2,1,150016,75.59
NSF,1988,1989,1,1,1004120,5.74
NSF,1989,1990,1,2,565526,5.484490775
NSF,1992,1993,1,3,777578,6.342843728
NSF,1993,1994,1,2,446326,5.030525356
NSF,1994,1995,1,3,193145,4.786966942
NSF,1995,1996,1,1,2638,4.72
NSF,1996,1997,1,1,180014,6.04
NSF,1997,1998,1,1,202141,6.57
NSF,1998,1999,1,2,344000,7.43
NSF,1999,2000,1,2,403000,6.04
NSF,2000,2001,1,2,399300,6.87
NSF,2001,2002,1,4,410600,5.884276668
NSF,2002,2003,1,2,422200,5.46
NSF,2003,2004,1,2,406700,5.15
NSF,2004,2005,1,2,365500,6.77
NSF,2005,2006,1,2,409700,6.77
NSF,2006,2007,1,2,279400,5.81
NSF,2007,2008,1,2,417300,5.53
NSF,2008,2009,1,2,351669,5.66
NSF,2009,2010,1,2,396765,5.66
NSF,2010,2011,1,2,394480,6.29
NSF,2011,2012,1,2,403410,5.81
NSF,2012,2013,1,1,400958,6.04
NSF,2013,2014,1,1,208260,5.03
NSF,2014,2015,1,1,209903,5.96
NSF,2015,2016,1,1,210124,6.04
NSF,2016,2017,1,1,206373,5.09
NSF,2017,2018,1,1,201787,4.97
NSF,2018,2019,1,1,904170,5.03
NSF,1993,1995,2,1,200495,5.21
PHI,2010,2011,1,1,67586,4.1
PHI,2011,2012,1,2,89784,4
PHI,2012,2013,1,3,171273,5.66
PHI,2013,2014,1,3,159341,4.5
PHI,2014,2015,1,4,154931,4.15
PHI,2015,2016,1,3,165634,5
PHI,2016,2017,1,2,93305,4.5
PHI,2017,2018,1,2,100952,4.5
PHI,2018,2019,1,2,35720,4.5
PHI,2009,2011,2,1,23925,11.1
PHI,2010,2012,2,1,39300,20.44
PHI,2012,2014,2,3,49029,20
PPS,1975,1976,1,1,180039,5.4
PPS,1976,1977,1,1,115346,5
PPS,1977,1978,1,1,504860,5.1
PPS,1978,1979,1,1,605116,5
PPS,1979,1980,1,1,505385,6.4
PPS,1980,1981,1,1,690234,6.3
PPS,1981,1982,1,1,200006,6.3
PPS,1982,1983,1,2,1344669,10.55653607
PPS,1983,1984,1,2,618109,8.142489917
PPS,1984,1985,1,4,1063557,8.095224798
PPS,1985,1986,1,1,49922,4.6
PPS,1986,1987,1,2,799706,5.6
PPS,1987,1988,1,1,692631,6.1
PPS,1988,1989,1,1,1830135,5.8
PPS,1989,1990,1,2,237484,7.7
PPS,1990,1991,1,2,1638731,4.94
PPS,1991,1992,1,4,964161,6.520141346
PPS,1992,1993,1,2,626554,6.2
PPS,1993,1994,1,2,110322,5.2
PPS,1994,1995,1,1,103289,4.4
PPS,1996,1997,1,1,86101,4.54
PPS,1997,1998,1,1,253921,6.1
PPS,1998,1999,1,1,227933,6.4
PPS,1999,2000,1,2,352533,7.123576743
PPS,2000,2001,1,2,334343,7.74
PPS,2001,2002,1,2,1151923,7.1
PPS,2002,2003,1,2,625868,6.964491938
PPS,2003,2004,1,3,426151,6.67
PPS,2004,2005,1,8,719109,6.268182988
PPS,2005,2006,1,10,692468,7.729508656
PPS,2006,2007,1,8,956856,5.682338408
PPS,2007,2008,1,6,664069,4.724965644
PPS,2008,2009,1,3,203249,3.63110864
PPS,2010,2011,1,10,418172,4.097787992
PPS,2011,2012,1,4,413185,3.220272638
PPS,2012,2013,1,1,132067,5.64
PPS,2013,2014,1,1,275917,5.2
PPS,2014,2015,1,4,251211,4.23
PPS,2015,2016,1,4,319648,5.35
PPS,2016,2017,1,2,90774,3
PPS,2017,2018,1,2,264330,2.702205576
PPS,2018,2019,1,2,339825,3.925061252
QN2,2005,2006,1,4,251887,7.696136164
QN2,2006,2007,1,2,122528,7.429820449
QN2,2007,2008,1,4,331161,2.088903102
QN2,2008,2009,1,4,359861,7.133476842
QN2,2009,2010,1,4,437520,5.292812671
QNT,1977,1978,1,1,1832800,34.92
QNT,1978,1979,1,3,446089,8.795615292
QNT,2005,2006,1,2,391099,27.49
QNT,2006,2007,1,2,474139,18.73767064
QNT,2007,2008,1,2,420500,23.5
QNT,2008,2009,1,2,439761,24
QNT,2009,2010,1,2,316081,29.45
QNT,2010,2011,1,2,733599,27.7
QNT,2011,2012,1,2,765670,28.35
QNT,2012,2013,1,2,394147,28.71
QNT,2013,2014,1,2,662080,21.1
QNT,2014,2015,1,2,693562,14.7
QNT,2015,2016,1,2,643081,19.6
QNT,2016,2017,1,2,692445,15.4
QNT,2017,2018,1,2,707491,18.57
QNT,2018,2019,1,2,700681,12.06
QNT,2019,2020,1,2,709665,10.43
QUE,1977,1978,1,1,169001,12.43
QUE,1978,1979,1,4,585606,7.667151327
QUE,1979,1980,1,1,357345,16.8
QUE,1980,1981,1,2,518154,10.58565122
QUE,1981,1982,1,2,757900,7.681552791
QUE,1982,1983,1,1,84229,8.73
QUE,1983,1984,1,1,255977,10.32
QUE,1985,1986,1,1,132000,4.78
QUE,1986,1987,1,1,224943,17.46
QUE,1987,1988,1,1,107000,18.23
QUE,1988,1989,1,1,220197,12.61
QUE,1989,1990,1,1,242386,10.16
QUE,1990,1991,1,1,175448,11.64
QUE,1991,1992,1,1,343700,14.65
QUE,1992,1993,1,1,213582,11.43
QUE,1993,1994,1,1,205300,11.52
QUE,1994,1995,1,2,84991,13.05
QUE,1995,1996,1,1,238223,10.61
QUE,1996,1997,1,1,280991,10.09
QUE,1997,1998,1,1,346780,10.44
QUE,1998,1999,1,1,323700,9.26
QUE,1999,2000,1,1,193425,10.19
QUE,2000,2001,1,1,255811,10.24
QUE,2001,2002,1,2,234891,12.89
QUE,2002,2003,1,1,278504,9.69
QUE,2003,2004,1,1,218855,11.69
QUE,2004,2005,1,1,210471,11.91
QUE,2005,2006,1,1,211235,10.93
QUE,2006,2007,1,1,247058,11.31
QUE,2007,2008,1,1,193324,10.55
QUE,2008,2009,1,1,221678,11.3
QUE,2009,2010,1,1,226301,11.15
QUE,2010,2011,1,1,165540,10.6
QUE,2011,2012,1,1,204902,11.37
QUE,2013,2014,1,1,190902,11.09
QUE,2014,2015,1,1,219392,77.01
QUE,2015,2016,1,1,211468,11.4
QUE,2016,2017,1,1,54187,10.83
QUE,2017,2018,1,1,212900,10.31
QUE,2018,2019,1,1,174012,10.52
QUE,2019,2020,1,1,196874,10.15
QUI,1974,1975,1,1,162516,4.8
QUI,1975,1976,1,1,424567,4.3
QUI,1976,1977,1,1,376480,9.4
QUI,1977,1978,1,3,776387,5.173356458
QUI,1978,1979,1,1,849226,6.5
QUI,1979,1980,1,2,1081433,7.152594104
QUI,1980,1981,1,3,1136778,7.252850161
QUI,1981,1982,1,2,438406,8.02329188
QUI,1982,1983,1,2,587689,9.946111804
QUI,1983,1984,1,2,1305879,13.33117762
QUI,1984,1985,1,9,3029003,13.79407416
QUI,1985,1986,1,9,2815828,12.94864008
QUI,1986,1987,1,9,3309673,8.352432672
QUI,1987,1988,1,9,3142791,7.244769824
QUI,1988,1989,1,9,3088401,7.523060639
QUI,1989,1990,1,9,3007294,6.434213981
QUI,1990,1991,1,9,3251547,6.466811275
QUI,1991,1992,1,9,3255752,6.826722459
QUI,1992,1993,1,9,2930097,5.481661017
QUI,1993,1994,1,9,1753678,6.3275083
QUI,1994,1995,1,9,1830676,6.414644099
QUI,1995,1996,1,8,1455506,8.647121207
QUI,1996,1997,1,8,1960330,8.060337596
QUI,1997,1998,1,8,1725418,8.344567925
QUI,1998,1999,1,7,2215622,8.600707928
QUI,1999,2000,1,6,2194648,7.615578084
QUI,2000,2001,1,8,2278313,7.416614921
QUI,2001,2002,1,8,2374029,7.303224405
QUI,2002,2003,1,8,2348293,7.413047362
QUI,2003,2004,1,7,2083770,6.883809696
QUI,2004,2005,1,7,1934466,5.268379284
QUI,2005,2006,1,8,2186356,4.913052083
QUI,2006,2007,1,8,2201090,4.788224811
QUI,2007,2008,1,16,1979670,5.772122829
QUI,2008,2009,1,8,1969542,5.284687404
QUI,2009,2010,1,13,1939739,5.649743806
QUI,2010,2011,1,11,1982409,5.355084798
QUI,2011,2012,1,9,1962228,5.200880147
QUI,2012,2013,1,8,1902237,5.699314465
QUI,2013,2014,1,12,2124377,6.005225339
QUI,2014,2015,1,6,1689570,6.153032399
QUI,2015,2016,1,13,1708249,6.04134049
QUI,2016,2017,1,10,1975940,6.329773186
QUI,2017,2018,1,11,2044282,5.871800613
QUI,2018,2019,1,8,1771703,6.734678611
RBT,1973,1974,1,4,1592093,6.124354231
RBT,1974,1975,1,3,1504728,5.252352531
RBT,1975,1976,1,3,960959,5.20225379
RBT,1976,1977,1,3,3693613,5.386313103
RBT,1977,1978,1,2,7749806,4.812638497
RBT,1978,1979,1,5,6723617,5.481800755
RBT,1979,1980,1,6,7663368,5.787784605
RBT,1980,1981,1,4,9162202,5.595139553
RBT,1981,1982,1,5,7842314,4.861907289
RBT,1982,1983,1,8,8418344,6.914251485
RBT,1983,1984,1,6,9599318,5.377525058
RBT,1984,1985,1,16,8224862,5.890939398
RBT,1985,1986,1,8,8203873,6.662359559
RBT,1986,1987,1,18,8680798,6.792308679
RBT,1987,1988,1,18,8163122,6.051866614
RBT,1988,1989,1,8,9088097,5.811594672
RBT,1989,1990,1,11,8226719,6.341183757
RBT,1990,1991,1,9,8543130,4.897781153
RBT,1991,1992,1,8,8129936,6.821525594
RBT,1992,1993,1,8,7804249,5.525733341
RBT,1993,1994,1,8,6804621,6.96166831
RBT,1994,1995,1,12,7272540,5.509596456
RBT,1995,1996,1,13,8273553,6.614266712
RBT,1996,1997,1,13,8447056,5.398402961
RBT,1997,1998,1,8,8330301,5.969784081
RBT,1998,1999,1,6,7575588,5.059861571
RBT,1999,2000,1,7,7676566,6.002690238
RBT,2000,2001,1,8,4971646,6.18067432
RBT,2001,2002,1,8,6381158,5.968541312
RBT,2002,2003,1,8,7546875,6.35212017
RBT,2003,2004,1,8,8108899,5.521048908
RBT,2004,2005,1,8,6034686,6.158989077
RBT,2005,2006,1,8,6142676,4.934546365
RBT,2006,2007,1,8,6249992,4.980089658
RBT,2007,2008,1,9,6242995,4.909915414
RBT,2008,2009,1,18,6147289,4.711657448
RBT,2009,2010,1,17,6272082,4.505957288
RBT,2010,2011,1,10,6611061,4.557951727
RBT,2011,2012,1,12,6498752,3.995617423
RBT,2012,2013,1,12,6522653,5.445965983
RBT,2013,2014,1,9,6251376,5.963029048
RBT,2014,2015,1,13,5757684,5.352932797
RBT,2015,2016,1,16,6623257,5.383029461
RBT,2016,2017,1,14,2197221,4.572074757
RBT,2017,2018,1,13,5948230,5.895435772
RBT,2018,2019,1,10,4983952,4.495771249
SAM,1974,1975,1,3,1304347,6.113428528
SAM,1975,1976,1,3,982195,3.758741452
SAM,1979,1980,1,3,343804,4.649912101
SAM,1985,1986,1,5,2110050,6.036737139
SAM,1986,1987,1,1,2625100,3.71
SAM,1987,1988,1,1,958200,4.67
SAM,1988,1989,1,1,1725000,3.84
SAM,1989,1990,1,1,950500,4.72
SAM,1990,1991,1,1,798500,6.12
SAM,1991,1992,1,1,791000,6.12
SAM,1992,1993,1,1,800300,5.03
SAM,1993,1994,1,1,801400,5.73
SAM,1994,1995,1,1,206495,5.66
SAM,1995,1996,1,1,202914,6.57
SAM,1996,1997,1,1,201800,3.97
SAM,1997,1998,1,2,181576,5.375651077
SAM,1998,1999,1,2,401627,6.47
SAM,1999,2000,1,2,361727,4.67
SAM,2000,2001,1,2,300699,4.77
SAM,2001,2002,1,2,352451,5.15
SAM,2002,2003,1,2,402278,4.19
SAM,2003,2004,1,2,397575,4.83
SAM,2004,2005,1,2,605449,5.12
SAM,2005,2006,1,2,385633,5.15
SAM,2006,2007,1,2,412204,4.67
SAM,2007,2008,1,2,428420,5.33
SAM,2008,2009,1,2,406823,4.77
SAM,2009,2010,1,2,409598,5.39
SAM,2010,2011,1,2,407368,5.58
SAM,2011,2012,1,2,402191,5.33
SAM,2012,2013,1,2,404537,4.53
SAM,2013,2014,1,2,410230,4.27
SAM,2014,2015,1,2,411087,4.77
SAM,2015,2016,1,2,613562,5.21
SAM,2016,2017,1,2,401305,4.6
SAM,2017,2018,1,2,408396,4.77
SAM,2018,2019,1,2,410420,4.87
SHU,1978,1979,1,2,142745,2.7
SHU,1979,1980,1,2,59325,2.4
SHU,1984,1985,1,3,139736,4.330167602
SHU,1985,1986,1,4,105682,3.221861812
SHU,1986,1987,1,2,1113900,4.695556154
SHU,1987,1988,1,2,888300,4.39933581
SHU,1988,1989,1,2,843640,4.167246693
SHU,1989,1990,1,2,72136,8.5
SHU,1990,1991,1,1,82005,7.1
SHU,1991,1992,1,2,359080,5.062804946
SHU,1992,1993,1,1,403000,4.1
SHU,1993,1994,1,1,625570,3.9
SHU,1994,1995,1,1,702500,5.3
SHU,1995,1996,1,1,667380,5.5
SHU,1996,1997,1,1,892820,4.7
SHU,1997,1998,1,1,656700,5.4
SHU,1998,1999,1,2,766396,6.7
SHU,1999,2000,1,4,696958,5.75
SHU,2000,2001,1,4,489324,6.38
SHU,2001,2002,1,4,551940,6.54
SHU,2002,2003,1,4,715107,6.8
SHU,2003,2004,1,3,696700,5.81
SHU,2004,2005,1,4,494650,6.1
SHU,2005,2006,1,5,503497,5.38
SHU,2006,2007,1,6,558400,5.4
SHU,2007,2008,1,11,508900,5.54
SHU,2008,2009,1,8,505608,4.8
SHU,2009,2010,1,8,543000,6.13
SHU,2010,2011,1,11,548366,5.96
SHU,2011,2012,1,11,546752,5.75
SHU,2012,2013,1,10,527930,6.36
SHU,2013,2014,1,10,498200,5.19
SHU,2014,2015,1,9,492097,5.92
SHU,2015,2016,1,9,496044,4
SHU,2016,2017,1,10,520806,6.05
SHU,2017,2018,1,9,500826,6.13
SHU,2018,2019,1,3,552903,6.28
SKF,1985,1986,1,1,58900,6.47
SKF,1993,1994,1,1,250457,6.97
SKF,1994,1995,1,2,261581,7.19
SKF,1995,1996,1,1,252448,6.38
SKF,1996,1997,1,1,130500,5.66
SKF,1997,1998,1,2,272429,7.43
SKF,1998,1999,1,1,246714,6.04
SKF,1999,2000,1,1,262620,6.04
SKF,2000,2001,1,2,270079,5.53
SKF,2001,2002,1,1,253362,6.04
SKF,2002,2003,1,1,252335,6.67
SKF,2003,2004,1,1,267248,6.87
SKF,2004,2005,1,2,256190,6.57
SKF,2005,2006,1,1,252195,5.03
SKF,2006,2007,1,1,255685,6.04
SKF,2007,2008,1,1,221225,6.47
SKF,2008,2009,1,1,256041,5.66
SKF,2009,2010,1,1,268617,5.03
SKF,2010,2011,1,1,253841,5.74
SKF,2011,2012,1,2,362320,5.66
SKF,2012,2013,1,3,489114,6.21
SKF,2013,2014,1,3,489974,5.66
SKF,2014,2015,1,3,472278,6.47
SKF,2015,2016,1,3,488830,5.81
SKF,2016,2017,1,3,487720,6.21
SKF,2017,2018,1,3,487516,6.47
SKF,2018,2019,1,3,488900,5.77
SKS,1981,1983,2,1,9500,28.34
SKS,1982,1984,2,1,58599,34.89
SKS,1983,1985,2,1,36001,28.34
SKS,1984,1986,2,2,26861,34.89
SKS,1985,1987,2,1,47711,34.89
SKS,1986,1988,2,1,80797,40.14
SKS,1987,1989,2,3,115199,47.74
SKS,1990,1992,2,1,284523,32.39
SKS,1993,1995,2,1,123917,37.79
SKS,1994,1996,2,1,231253,41.23
SKS,1995,1997,2,2,249718,50.39
SKS,1996,1998,2,1,115465,45.35
SKS,1997,1999,2,2,142380,45.35
SKS,1998,2000,2,2,135300,41.23
SKS,1999,2001,2,2,147393,42.39
SKS,2000,2002,2,2,148450,29.26
SKS,2001,2003,2,2,150728,34.89
SKS,2002,2004,2,2,120000,37.79
SKS,2003,2005,2,2,151000,38.11
SKS,2004,2006,2,2,146753,46.76
SKS,2005,2007,2,2,149100,37.79
SKS,2006,2008,2,6,139111,45.35
SKS,2007,2009,2,2,117346,45.35
SKS,2008,2010,2,2,153200,45.35
SKS,2009,2011,2,2,161000,43.19
SKS,2010,2012,2,2,140019,45.35
SKY,2000,2001,1,3,425997,7.76
SKY,2001,2002,1,2,400912,6.29
SKY,2002,2003,1,4,395260,6.97
SKY,2003,2004,1,2,355775,6.4
SKY,2004,2005,1,2,402100,6.47
SKY,2005,2006,1,2,413326,7.31
SKY,2006,2007,1,2,412924,5.33
SKY,2007,2008,1,2,400558,6.57
SKY,2008,2009,1,2,404002,6.29
SKY,2009,2010,1,2,402069,5.96
SKY,2010,2011,1,2,401900,6.08
SKY,2011,2012,1,2,409251,5.81
SKY,2012,2013,1,2,410008,6.29
SKY,2013,2014,1,2,4.00E+05,6.04
SKY,2014,2015,1,2,4.00E+05,7.31
SKY,2015,2016,1,2,410259,6.47
SKY,2016,2017,1,2,411707,6.12
SKY,2017,2018,1,2,396735,6.77
SKY,2018,2019,1,2,410000,7.31
SMK,1989,1991,2,2,352600,41.23
SMK,1990,1992,2,1,540000,37.79
SMK,1991,1993,2,1,675500,22.67
SMK,1992,1994,2,5,547156,25.19
SMK,1993,1995,2,2,383861,34.89
SMK,1994,1996,2,1,221883,34.89
SMK,1995,1997,2,3,587000,32.86
SMK,1997,1999,2,1,589591,41.23
SMK,1999,2001,2,1,630463,35.43
SMK,2000,2002,2,1,532453,20.34
SMK,2002,2004,2,1,247631,20.8
SMK,2003,2005,2,1,579019,28.89
SMK,2004,2006,2,2,604066,29.84
SMK,2005,2007,2,1,275919,25.91
SMK,2006,2008,2,2,604035,21.59
SMK,2007,2009,2,4,513039,26.68
SMK,2008,2010,2,1,343628,35.16
SMK,2009,2011,2,2,524521,29.45
SMK,2010,2012,2,4,617950,23.16
SMK,2011,2013,2,3,627978,28.17
SMK,2012,2014,2,3,158266,31.00866263
SMK,2013,2015,2,4,496382,28.70172657
SMK,2014,2016,2,3,488647,33.51846267
SMK,2015,2017,2,2,343840,30.28735394
SMK,2016,2018,2,7,677461,25.2689282
SOO,1985,1986,1,4,160722,5.7
SOO,1986,1987,1,1,700514,5.5
SOO,1987,1988,1,1,296388,6.06
SOO,1989,1990,1,1,1066702,6.78
SOO,1990,1991,1,4,384136,6.85339182
SOO,1991,1992,1,4,648160,7.566498041
SOO,1992,1993,1,2,1090222,6.481218963
SOO,1993,1994,1,4,3391596,6.232984465
SOO,1994,1995,1,4,3204540,6.237976558
SOO,1995,1996,1,4,845264,8.41997932
SOO,1996,1997,1,2,2466427,6.316786258
SOO,1997,1998,1,4,3149700,6.320076833
SOO,1998,1999,1,3,2056430,6.360265703
SOO,1999,2000,1,4,2240730,7.672290013
SOO,2000,2001,1,4,1979850,7.072488067
SOO,2001,2002,1,4,3070100,6.960560894
SOO,2002,2003,1,4,3172637,6.126682261
SOO,2003,2004,1,4,2212800,6.309298753
SOO,2004,2005,1,4,2209723,6.502602534
SOO,2005,2006,1,4,2238967,5.723437098
SOO,2006,2007,1,4,1658239,6.139587605
SOO,2007,2008,1,4,429471,8.608424271
SOO,2008,2009,1,4,409189,5.945026455
SOO,2009,2010,1,4,2597607,6.91253066
SOO,2010,2011,1,4,1325579,6.44251478
SOO,2011,2012,1,1,2352445,6.07
SOO,2012,2013,1,1,1026580,6.12
SOO,2013,2014,1,1,2207431,5.6
SOO,2014,2015,1,1,1972652,6.27
SOO,2015,2016,1,1,1990915,7.24
SOO,2016,2017,1,1,2399503,6.07
SOO,2017,2018,1,1,1180688,6.56
SOO,2018,2019,1,1,1757317,7.43
SPR,1972,1973,1,3,8869319,6.73103503
SPR,1973,1974,1,4,7641933,5.016237223
SPR,1974,1975,1,6,18050490,5.624546799
SPR,1975,1976,1,7,16497786,5.062398653
SPR,1976,1977,1,5,8090509,8.262486792
SPR,1977,1978,1,4,16095184,5.603829377
SPR,1978,1979,1,4,18462038,5.202923474
SPR,1979,1980,1,3,14444789,5.32313609
SPR,1980,1981,1,7,15321580,5.641532699
SPR,1981,1982,1,3,248532,5.591744001
SPR,1982,1983,1,2,103284,8.329044189
SPR,1983,1984,1,2,97238,6.629758325
SPR,1984,1985,1,6,266611,2.960097445
SPR,1985,1986,1,9,10618078,7.172980854
SPR,1986,1987,1,12,10640406,8.387392793
SPR,1987,1988,1,15,8633407,9.14958703
SPR,1988,1989,1,13,15113823,6.753166133
SPR,1989,1990,1,14,8464507,8.3086725
SPR,1990,1991,1,9,12589832,6.119143786
SPR,1991,1992,1,16,17049132,5.751594634
SPR,1992,1993,1,10,10598700,4.715017835
SPR,1993,1994,1,8,14969531,5.916362791
SPR,1994,1995,1,6,14327524,5.945421069
SPR,1995,1996,1,6,16440491,5.820499241
SPR,1996,1997,1,6,14346884,6.317633759
SPR,1997,1998,1,6,15619429,6.742137823
SPR,1998,1999,1,6,10592075,5.665781011
SPR,1999,2000,1,6,16065945,6.310716952
SPR,2000,2001,1,2,10569810,5.704618833
SPR,2003,2004,1,11,14653529,5.759999445
SPR,2004,2005,1,8,14533488,3.585075178
SPR,2005,2006,1,8,15239054,3.634952099
SPR,2006,2007,1,16,15472561,4.689082473
SPR,2007,2008,1,20,14899270,5.047437274
SPR,2008,2009,1,4,11252949,4.459564184
SPR,2009,2010,1,4,10750561,5.653754406
SPR,2010,2011,1,4,10861292,5.071984791
SPR,2011,2012,1,4,11078704,4.784621488
SPR,2012,2013,1,4,11242686,5.009309122
SPR,2013,2014,1,4,10754482,4.072848418
SPR,2014,2015,1,4,10415634,4.018757102
SPR,2015,2016,1,4,10067948,4.696434729
SPR,2016,2017,1,4,10775114,5.282462238
SPR,2016,2018,1,4,10737862,4.329257696
SPS,1978,1979,1,3,669333,3.965006267
SPS,1979,1980,1,5,10370964,4.025295319
SPY,1978,1980,2,7,1774300,47.36884709
SPY,1979,1981,2,7,448516,72.50245262
SPY,1980,1982,2,3,1421677,55.89815348
SPY,1981,1983,2,3,1240584,53.63327317
SPY,1986,1988,2,1,40068,113.39
SPY,1987,1989,2,1,248050,82.47
SPY,1988,1990,2,1,229900,32.86
SPY,1989,1991,2,1,180000,64.79
SPY,1990,1992,2,1,181000,64.79
SPY,1991,1993,2,1,166800,57.41
SPY,1992,1994,2,1,166870,66.69
SPY,1993,1995,2,1,72233,82.47
SPY,1994,1996,2,1,50381,61.29
SPY,1995,1997,2,1,61981,59.91
SPY,1996,1998,2,1,190985,49.84
SPY,1997,1999,2,1,191300,42.63
SPY,1999,2001,2,1,70164,50.39
SPY,2000,2002,2,4,71520,39.44
SPY,2002,2004,2,5,164610,63.16526274
SPY,2003,2005,2,1,67144,41.99
SPY,2004,2006,2,1,75920,53.36
SPY,2005,2007,2,2,172370,89.4053449
SPY,2006,2008,2,4,161292,83.29990774
SPY,2007,2009,2,2,168038,61.8169201
SPY,2008,2010,2,1,101606,156.41
SPY,2009,2011,2,1,80200,45.35
SPY,2010,2012,2,1,80131,51.54
SPY,2011,2013,2,1,76000,56.69
SPY,2012,2014,2,1,71051,46.76
SPY,2013,2015,2,1,56402,39.44
SQP,1990,1991,1,2,202000,12.59
SQP,1986,1988,2,1,776500,113.39
SQP,1987,1989,2,1,814860,122.59
SQP,1988,1990,2,1,806800,90.71
SQP,1989,1991,2,1,642600,75.59
SQP,1992,1994,2,1,170850,56.69
SQP,1993,1995,2,1,61183,94.49
SQP,1994,1996,2,1,65338,90.71
SQP,1995,1997,2,1,72863,86.07
SQP,1997,1999,2,1,126285,83.38
SRH,1976,1977,1,4,100358,48.1579061
SRH,1977,1978,1,2,49354,73.28
SRH,1978,1979,1,4,105482,36.40527578
SRH,1979,1980,1,4,219252,38.67467681
SRH,1980,1981,1,4,134892,34.55686208
SRH,1982,1983,1,2,100678,30.94
SRH,1983,1984,1,2,213788,24.73
SRH,1984,1985,1,4,411716,34.53079968
SRH,1985,1986,1,4,364302,28.7654647
SRH,1986,1987,1,10,284404,39.82
SRH,1987,1988,1,10,401564,31.39
SRH,1988,1989,1,12,404256,32.89
SRH,1989,1990,1,10,422966,27.78
SRH,1990,1991,1,10,391572,30.14
SRH,1991,1992,1,10,386368,31.39402601
SRH,1992,1993,1,10,410350,29.16179237
SRH,1993,1994,1,10,413148,31.41
SRH,1994,1995,1,2,410430,29.78
SRH,1995,1996,1,2,373560,31.9
SRH,1996,1997,1,2,407972,31.24
SRH,1997,1998,1,2,410978,34.62
SRH,1998,1999,1,2,397958,33.6
SRH,1999,2000,1,2,398178,39.93
SRH,2000,2001,1,2,414936,31.87
SRH,2001,2002,1,2,417756,32.82
SRH,2002,2003,1,2,392670,32.26
SRH,2003,2004,1,2,420860,34.08
SRH,2004,2005,1,2,315476,32.26
SRH,2005,2006,1,2,422612,32.38
SRH,2006,2007,1,2,419172,32.96
SRH,2007,2008,1,2,415874,32.47
SRH,2008,2009,1,2,317956,36.37
SRH,2009,2010,1,2,360438,31.56
SRH,2010,2011,1,2,382708,33.5
SRH,2011,2012,1,2,413204,35.91
SRH,2012,2013,1,2,464108,33.35
SRH,2013,2014,1,2,429390,33.11
SRH,2014,2015,1,2,312300,33.35
SRH,2015,2016,1,2,372858,28.35
SRH,2016,2017,1,2,445334,32.87
SRH,2017,2018,1,1,230279,25.2
SRN,2011,2012,1,2,22259,5.65
SRN,2012,2013,1,2,30123,5.101747834
SRN,2013,2014,1,1,23569,5.53
SRN,2014,2015,1,1,20776,5.74
SRN,2015,2016,1,1,11845,28.35
SSF,1976,1977,1,7,210786,2.903199833
SSF,1977,1978,1,6,72648,2.026758892
SSF,1994,1995,1,1,191515,4.53
SSF,1995,1996,1,1,137661,5.09
SSF,1996,1997,1,2,23500,4.53
SSF,1997,1998,1,1,202136,5.03
SSF,1998,1999,1,2,241120,3.26
SSF,1999,2000,1,1,194590,3.38
SSF,2000,2001,1,1,205750,3.48
SSF,2001,2002,1,1,190058,3.35
SSF,2002,2003,1,1,200202,3.57
SSF,2003,2004,1,1,230593,4.12
SSF,2004,2005,1,1,192000,4.12
SSF,2005,2006,1,2,210643,3.38
SSF,2006,2007,1,1,232150,3.54
SSF,2007,2008,1,1,217940,3.33
SSF,2008,2009,1,1,109284,4.12
SSF,2009,2010,1,1,211196,3.19
SSF,2010,2011,1,1,184894,4.12
SSF,2011,2012,1,1,190823,4.27
SSF,2012,2013,1,1,197773,4.77
SSF,2013,2014,1,1,185764,4.53
SSF,2014,2015,1,1,226141,4.67
SSF,2015,2016,1,1,227290,4.53
SSF,2016,2017,1,1,208314,3.14
SSF,2017,2018,1,1,211546,5.27
SSF,2018,2019,1,1,201400,4.53
STI,1999,2001,2,1,5774000,5.5
STI,2000,2002,2,2,3482200,6.3
STI,2001,2003,2,2,4981750,4.9
STI,2002,2004,2,3,2663000,4.4
STI,2003,2005,2,2,2710500,4.5
STI,2006,2008,2,3,4001091,4.1
STI,2009,2011,2,3,2417858,5.7
STI,2010,2012,2,3,1671500,5.856018546
STI,2011,2013,2,5,1614900,4.6
STI,2012,2014,2,3,1390566,3.85
STI,2013,2015,2,1,20254,5.7
STI,2014,2016,2,3,35366,5
STI,2015,2017,2,5,42894,5.9
STL,1980,1981,1,1,66599,2.51
STL,1981,1982,1,1,85000,2.39
STL,1982,1983,1,1,33782,2.51
STL,1983,1984,1,1,28482,2.75
STL,1986,1987,1,1,24900,5.03
STL,1987,1988,1,1,145166,5.03
STL,1988,1989,1,1,41123,5.67
STL,1989,1990,1,1,46837,5.27
STL,1990,1991,1,1,69100,6.58
STL,1991,1992,1,1,176756,5.34
STL,1992,1993,1,1,100121,5.67
STL,1993,1994,1,1,216000,7.57
STL,1994,1995,1,1,211350,6.47
STL,1995,1996,1,1,35000,9.07
STL,1996,1997,1,1,218092,5.03
STL,1997,1998,1,1,47639,8.09
STL,1998,1999,1,1,190654,5.39
STL,2002,2003,1,2,289439,5.27
STL,2003,2004,1,1,202663,5.67
STL,2004,2005,1,1,145697,5.67
STL,2005,2006,1,1,221062,5.04
STL,2006,2007,1,2,259948,5.04
STL,2007,2008,1,2,235309,5.366343871
STL,2008,2009,1,1,188188,5.67
STL,2009,2010,1,1,296099,4.54
STL,2010,2011,1,1,177829,4.54
STL,2011,2012,1,1,205114,5.04
STL,2012,2013,1,1,237157,5.04
STL,2013,2014,1,1,155496,5.66
STL,2014,2015,1,1,238857,5.68
STL,2015,2016,1,1,185400,5.04
STL,2016,2017,1,1,238897,3.16
STL,2017,2018,1,1,150863,5.66
STL,2018,2019,1,1,147936,5.09
SUM,1975,1976,1,1,2954000,4.11
SUM,1976,1977,1,2,421500,10.06985167
SUM,1977,1978,1,2,498312,10.39380645
SUM,1986,1987,1,3,705654,8.309699003
SUM,1989,1990,1,3,1521129,11.04601303
SUM,1991,1992,1,1,493919,18.14
SUM,1993,1994,1,1,187382,16.79
SUM,1994,1995,1,2,450935,14.17
SUM,1995,1996,1,2,408000,18.14
SUM,1996,1997,1,2,473000,19.72
SUM,1997,1998,1,1,541923,13.74
SUM,1998,1999,1,1,370617,18.28
SUM,1999,2000,1,1,363600,24.51
SUM,2000,2001,1,1,498500,16.79
SUM,2001,2002,1,1,376027,22.67
SUM,2002,2003,1,2,473101,15.11
SUM,2003,2004,1,2,425271,15.07683719
SUM,2004,2005,1,2,471123,14.26108322
SUM,2005,2006,1,2,430203,12.6637669
SUM,2006,2007,1,2,396538,11.22188217
SUM,2007,2008,1,2,403279,11.61450316
SUM,2008,2009,1,1,427131,8.57
SUM,2009,2010,1,1,471286,6.71
SUM,2010,2011,1,1,442821,9.94
SUM,2011,2012,1,1,492777,9.86
SUM,2012,2013,1,2,493451,8.89
SUM,2013,2014,1,1,443636,6.97
SUM,2014,2015,1,1,464137,6.97
SUM,2015,2016,1,1,439709,7.08
SUM,2016,2017,1,1,470247,7.68
SUM,2017,2018,1,1,417000,9.07
SUM,1983,1985,2,1,186000,37.79
SUM,1984,1986,2,2,200440,39.535
SUM,1985,1987,2,3,394360,47.74
SUM,1986,1988,2,2,385213,56.69
SUM,1987,1989,2,2,429040,39.6189601
SUM,1988,1990,2,1,391579,58.15
SUM,1990,1992,2,1,371369,56.69
SUM,1992,1994,2,1,218766,37.79
SUM,1993,1995,2,2,388248,54.85028721
SUM,1994,1996,2,2,365000,47.74
SUM,1995,1997,2,2,290000,52.49
SUM,1996,1998,2,2,348559,60.47
SUM,1997,1999,2,1,381687,75.59
SUM,1998,2000,2,1,457770,64.79
SUM,1999,2001,2,1,312098,45.35
SUM,2000,2002,2,1,345504,47.24
SUM,2001,2003,2,1,185200,45.35
SUM,2002,2004,2,1,306810,46.76
SUM,2003,2005,2,1,313509,43.19
SUM,2004,2006,2,2,312980,58.15
SUM,2005,2007,2,1,333587,50.39
SUM,2006,2008,2,1,311880,41.23
SUM,2007,2009,2,2,310063,53.99
SUM,2008,2010,2,2,336881,55.99
SUM,2009,2011,2,2,349463,43.61
SUM,2010,2012,2,2,350272,45.35
SUM,2011,2013,2,1,289998,50.39
SUM,2012,2014,2,1,318902,45.35
SUM,2013,2015,2,1,339236,46.76
SUM,2014,2016,2,2,350000,45.35
SUM,2015,2017,2,1,329809,37.79
SUM,2016,2018,2,4,356240,49.35322614
TAK,1978,1979,1,4,20362,6.823447598
TAK,1977,1979,2,1,2549,6.87
TAK,1995,1997,2,4,1305974,4.656602275
TAK,1996,1998,2,4,2337300,3.685523339
TAK,1997,1999,2,1,2442125,3.84
TAK,2002,2004,2,2,1648438,4.510576746
TAK,2003,2005,2,2,1608307,4.324621593
TAK,2011,2013,2,3,1837614,4.412733795
TAK,2012,2014,2,2,1857383,5.164971791
TAK,2013,2015,2,2,22154,4.99161235
TAK,2014,2016,2,2,32103,6.367554434
TAK,2015,2017,2,4,45481,4.577544469
UNU,1993,1994,1,3,233227,4
UNU,1994,1995,1,4,522182,4
UNU,1995,1996,1,3,369594,3.432135587
UNU,1996,1997,1,3,578645,2.7
UNU,1998,1999,1,1,177245,2.92
UNU,1999,2000,1,2,350824,3.5
UNU,2000,2001,1,4,541122,2.9
UNU,2001,2002,1,5,586516,2.6
UNU,2002,2003,1,3,674212,3.1
UNU,2003,2004,1,3,322964,2.9
UNU,2004,2005,1,2,418465,3.8
UNU,2005,2006,1,2,482338,2.8
UNU,2007,2008,1,2,553166,2.26
UNU,2008,2009,1,4,463133,2.74
UNU,2009,2010,1,2,357659,3.09
UNU,2010,2011,1,2,427406,2.58
UNU,2011,2012,1,2,333073,2.83
UNU,2012,2013,1,2,250680,2.5
UNU,2013,2014,1,1,70301,4.2
UNU,2014,2015,1,1,10524,3.6
UNU,2015,2016,1,4,43037,3.657941539
UNU,1992,1994,2,1,94357,5.5
UNU,1993,1995,2,1,36670,4
UNU,1994,1996,2,2,96831,3.5
UNU,1995,1997,2,1,118085,3.6
UNU,1996,1998,2,2,159990,2.8
UNU,1997,1999,2,1,103221,3.4
UNU,1998,2000,2,2,141840,3.8
UNU,1999,2001,2,1,181989,3.3
UNU,2000,2002,2,2,145988,3.419782448
UNU,2001,2003,2,2,127280,3.2
UNU,2002,2004,2,2,218122,3.1
UNU,2003,2005,2,1,102190,2.7
UNU,2004,2006,2,1,280569,3.4
UNU,2005,2007,2,1,69441,3.1
UNU,2006,2008,2,1,214061,3.19
UNU,2007,2009,2,1,185733,2.83
UNU,2008,2010,2,1,84433,3.58
UNU,2009,2011,2,1,232182,2.8
UNU,2010,2012,2,1,123188,2.77
UNU,2011,2013,2,1,149732,2.95
UNU,2012,2014,2,1,245600,3.22
UNU,2013,2015,2,1,180367,3.8
UNU,2014,2016,2,1,4003,3.94
UNU,2015,2017,2,2,13576,3.890223925
URB,1975,1976,1,3,2238223,8.304376012
URB,1976,1977,1,1,150625,4.71
URB,1977,1978,1,2,304972,8.954837165
URB,1978,1979,1,1,826538,6.12
URB,1979,1980,1,1,3005654,5.92
URB,1980,1981,1,2,4819342,5.288300141
URB,1981,1982,1,2,5509241,5.410529536
URB,1982,1983,1,1,2040300,5.39
URB,1983,1984,1,3,1950394,5.96
URB,1984,1985,1,2,1422200,8.39
URB,1985,1986,1,1,2954000,7.43
URB,1986,1987,1,1,4946000,8.3
URB,1987,1988,1,1,7504996,6.64
URB,1988,1989,1,1,5202007,9.39
URB,1989,1990,1,1,6230590,7.59
URB,1990,1991,1,1,5041492,9.77
URB,1991,1992,1,4,6642346,8.302443339
URB,1992,1993,1,1,5149688,8.41
URB,1993,1994,1,1,6705836,9.5
URB,1994,1995,1,1,192770,10.79
URB,1995,1996,1,1,203687,11.33
URB,1996,1997,1,1,210023,10.07
URB,1997,1998,1,4,651793,8.80852605
URB,1998,1999,1,4,617010,10.3202741
URB,1999,2000,1,4,636713,9.538874391
URB,2000,2001,1,4,601442,10.94290625
URB,2001,2002,1,4,651655,9.51771379
URB,2002,2003,1,3,3678725,8.031800559
URB,2003,2004,1,3,613538,9.268210771
URB,2004,2005,1,2,424496,8.313887151
URB,2005,2006,1,1,200851,10.54
URB,2006,2007,1,2,424706,8.774063329
URB,2007,2008,1,2,425332,8.557045978
URB,2008,2009,1,1,218082,9.5
URB,2009,2010,1,9,1907007,9.008910591
URB,2010,2011,1,10,1939714,9.361651099
URB,2011,2012,1,3,1409031,9.175639542
URB,2012,2013,1,3,1429480,10.13944299
URB,2013,2014,1,3,1435204,9.428257837
URB,2014,2015,1,3,2042537,9.30803935
URB,2015,2016,1,4,1680158,9.660026896
URB,2016,2017,1,13,1629896,9.294640204
URB,2017,2018,1,12,1633526,8.921288226
UWA,1975,1976,1,6,142615,12.84
UWA,1976,1977,1,4,87208,14.63
UWA,1977,1978,1,2,55324,13.64879112
UWA,1978,1979,1,6,159717,9.070928204
UWA,1979,1980,1,4,83964,17.01078224
UWA,1980,1981,1,9,175861,12.96239291
UWA,1981,1982,1,8,128179,9.873748586
UWA,1982,1983,1,6,58012,16.38085017
UWA,1983,1984,1,1,30104,14.77
UWA,1984,1985,1,6,56001,12.89681309
WHF,1986,1987,1,4,87904,7.72521842
WHF,1987,1988,1,2,84089,7.728562357
WHF,1988,1989,1,3,95521,9.751013599
WHF,1989,1990,1,2,249727,10.34349598
WHF,1990,1991,1,1,189764,7.78
WHF,1991,1992,1,1,252428,7.68
WHF,1992,1993,1,1,240178,6.38
WHF,1993,1994,1,1,254468,8.34
WHF,1994,1995,1,2,259391,9.44
WHF,1995,1996,1,1,251584,8.72
WHF,1996,1997,1,1,254990,9.44
WHF,1997,1998,1,2,127259,9.07
WHF,2002,2003,1,1,260120,9.65
WHF,2003,2004,1,2,252170,9.571944323
WHF,2004,2005,1,2,436994,7.881973528
WHF,2005,2006,1,1,275805,9.44
WHF,2006,2007,1,2,247502,9.212490485
WHF,2007,2008,1,1,275439,11.06
WHF,2008,2009,1,1,263785,9.25
WHF,2009,2010,1,2,249074,10.07
WHF,2010,2011,1,1,239652,9.25
WHF,2011,2012,1,2,328427,9.07
WHF,2012,2013,1,1,205739,7.31
WHF,2013,2014,1,2,391843,5.74
WHF,2014,2015,1,1,244978,5.81
WHF,2015,2016,1,2,257632,5.66
WHF,2016,2017,1,2,451959,5.53
WHF,2017,2018,1,1,506241,5.24
WHF,2018,2019,1,1,230936,6.38
WHF,2019,2020,1,3,388909,5.59
WHY,1978,1980,2,1,4220,22.67
WHY,1979,1981,2,1,48697,34.89
WHY,1980,1982,2,1,19614,78.2
WHY,1981,1983,2,2,37288,90.71
WHY,1982,1984,2,2,21064,64.79
WHY,1983,1985,2,2,37008,64.79
WHY,1984,1986,2,3,46832,90.71
WHY,1985,1987,2,2,45982,56.69
WHY,1986,1988,2,2,78033,73.16
WHY,1987,1989,2,2,83059,90.71
WHY,1988,1990,2,2,89693,50.39
WHY,1989,1991,2,1,91146,82.47
WHY,1990,1992,2,1,81015,58.15
WHY,1991,1993,2,1,84493,64.79
WHY,1992,1994,2,1,84205,73.15
WHY,1993,1995,2,1,77800,59.68
WHY,1994,1996,2,2,89852,60.47
WHY,1995,1997,2,1,88309,64.79
WHY,1996,1998,2,1,84506,64.79
WHY,2002,2004,2,1,89900,62.13
WHY,2003,2005,2,1,91560,52.74
WHY,2004,2006,2,1,94150,54.64
WHY,2005,2007,2,1,89023,59.68
WHY,2006,2008,2,1,88125,65.73
WHY,2007,2009,2,1,91140,75.59
WHY,2008,2010,2,1,84301,68.72
WHY,2009,2011,2,1,80395,57.41
WHY,2010,2012,2,1,81449,59.68
WHY,1997,2000,3,2,57981,56.69
WRF,1989,1990,1,1,269394,4
WRF,1990,1991,1,1,73923,3.66
WRF,1991,1992,1,4,708576,5.196721199
WRF,1992,1993,1,3,608814,4.009499699
WRF,1993,1994,1,3,523249,4.13013292
WRF,1994,1995,1,1,265078,3.49
WRF,1995,1996,1,1,266021,5.75
WRF,1996,1997,1,1,262087,5.54
WRF,2002,2003,1,1,281546,5.91
WRF,2003,2004,1,1,274517,5.72
WRF,2004,2005,1,1,274468,5.21
WRF,2005,2006,1,2,343187,6.21
WRF,2006,2007,1,1,344775,6.11
WRF,2007,2008,1,1,334426,7.25
WRF,2008,2009,1,1,350218,5.2
WRF,2009,2010,1,1,350325,5.88
WRF,2010,2011,1,1,356654,5.41
WRF,2011,2012,1,1,338023,5.63
WRF,2012,2013,1,1,350729,5.5
WRF,2013,2014,1,1,348730,6.15
WRF,2014,2015,1,1,349584,6.25
WRF,2015,2016,1,1,352107,5.83
WRF,2016,2017,1,1,365422,5.27
WRF,2017,2018,1,2,411381,6.443031958
WRF,2018,2019,1,2,460419,5.226388681
WRF,2019,2020,1,2,492552,6.496423748
WRY,1974,1976,2,1,8340,33.1
WRY,1975,1977,2,1,40576,37.79
WRY,1989,1991,2,1,95919,50.44
WRY,1990,1992,2,1,38386,45.39
WRY,1991,1993,2,1,55761,50.44
WRY,1992,1994,2,1,73226,34.92
WRY,1994,1996,2,1,80427,45.4
WRY,1995,1997,2,1,82860,60.53
WRY,1996,1998,2,1,82920,50.44
WRY,1997,1999,2,1,88103,56.7
WRY,1998,2000,2,1,20989,70.88
WRY,1999,2001,2,1,89939,75.6
WRY,2000,2002,2,1,88517,60.48
WRY,2001,2003,2,1,89906,67.7
WRY,2002,2004,2,1,91734,56.7
WRY,2003,2005,2,1,89365,60.48
WRY,2004,2006,2,1,91730,56.7
WRY,2005,2007,2,1,57391,58.91
WRY,2006,2008,2,1,56687,63.89
WRY,2007,2009,2,1,54630,61.3
WRY,2008,2010,2,1,58713,58.91
WRY,2009,2011,2,1,57422,69.78
WRY,2010,2012,2,1,57673,60.48
WRY,2011,2013,2,1,56449,58.15
WRY,2012,2014,2,1,58886,58.91
WRY,2013,2015,2,1,33102,84
WRY,2014,2016,2,1,45563,57.42
WRY,2015,2017,2,1,51105,51.55
WSH,1975,1976,1,2,152909,50.83997142
WSH,1976,1977,1,3,97204,37.73661495
WSH,1977,1978,1,4,428651,49.63825926
WSH,1978,1979,1,5,416716,69.88465506
WSH,1979,1980,1,3,408751,89.00777031
WSH,1980,1981,1,3,102521,84.00906965
WSH,1981,1982,1,1,35997,40.9
WSH,1982,1983,1,1,49828,42.43
WSH,1983,1984,1,1,127266,55.45
WSH,1984,1985,1,9,869495,50.5048691
WSH,1985,1986,1,6,741302,56.61159834
WSH,1986,1987,1,1,30312,49.9
WSH,1987,1988,1,3,711205,54.33668325
WSH,1988,1989,1,4,1101281,60.23501054
WSH,1989,1990,1,6,964268,55.27988452
WSH,1990,1991,1,3,1069541,52.61731635
WSH,1991,1992,1,3,993554,59.94795611
WSH,1992,1993,1,3,760867,56.85493745
WSH,1993,1994,1,1,217625,46.86
WSH,1994,1995,1,1,377611,53.55
WSH,1995,1996,1,1,214098,54.91
WSH,1996,1997,1,6,819779,56.59205281
WSH,1997,1998,1,4,836638,53.66388298
WSH,1998,1999,1,3,853220,53.83714266
WSH,1999,2000,1,3,786863,55.67497904
WSH,2000,2001,1,3,975695,53.34569016
WSH,2001,2002,1,3,972253,55.94870392
WSH,2002,2003,1,3,969002,56.38599375
WSH,2003,2004,1,4,1272206,49.61800184
WSH,2004,2005,1,5,828065,48.66948176
WSH,2005,2006,1,6,1398952,42.73727317
WSH,2006,2007,1,4,1298389,52.65473203
WSH,2007,2008,1,5,850193,46.68403852
WSH,2008,2009,1,3,617204,46.59264
WSH,2009,2010,1,4,1847376,44.33954429
WSH,2010,2011,1,7,1612503,36.75054012
WSH,2011,2012,1,7,1139617,44.1508367
WSH,2012,2013,1,3,959571,49.75455984
WSH,2013,2014,1,2,525940,50.85000951
WSH,2015,2016,1,2,561454,53.52935564
WSH,1975,1977,2,3,203089,37.4026417
WSH,1976,1978,2,6,233881,41.22299037
WSH,1977,1979,2,7,288008,34.94161871
WSH,1978,1980,2,4,127249,85.53638198
WSH,1979,1981,2,5,240912,38.09154363
WSH,1980,1982,2,5,222110,32.93176016
WSH,1981,1983,2,1,117441,44.08
WSH,1982,1984,2,2,322314,36.70504762
WSH,1983,1985,2,1,169769,31.9
WSH,1984,1986,2,8,246769,39.1254609
WSH,1985,1987,2,6,1072039,51.05509996
WSH,1986,1988,2,3,82241,50.30294671
WSH,1987,1989,2,3,1003019,45.07664572
WSH,1988,1990,2,8,1994402,43.51363675
WSH,1989,1991,2,10,2113223,43.07832646
WSH,1990,1992,2,7,2398448,49.87548922
WSH,1991,1993,2,14,2164953,47.82679523
WSH,1992,1994,2,10,1892287,45.97100911
WSH,1993,1995,2,9,3525852,49.4587663
WSH,1994,1996,2,9,3383484,49.8592242
WSH,1995,1997,2,10,2839840,45.6365137
WSH,1996,1998,2,11,2231709,41.88105863
WSH,1997,1999,2,15,3043571,46.03639368
WSH,1998,2000,2,10,2792567,45.5511741
WSH,1999,2001,2,8,2335273,44.3374904
WSH,2000,2002,2,9,3178263,46.1854855
WSH,2001,2003,2,10,3452492,45.01168844
WSH,2002,2004,2,3,782175,38.34878275
WSH,2003,2005,2,12,3419853,44.04552019
WSH,2004,2006,2,18,3077996,43.5049981
WSH,2005,2007,2,16,3736684,41.53997428
WSH,2006,2008,2,16,4067941,41.08036248
WSH,2007,2009,2,8,3400757,41.93643939
WSH,2008,2010,2,10,3795829,40.18460637
WSH,2009,2011,2,11,3464259,45.72940628
WSH,2010,2012,2,30,4760163,41.78099426
WSH,2011,2013,2,33,4707536,41.18122524
WSH,2012,2014,2,14,4451040,43.05038438
WSH,2013,2015,2,13,3735159,46.86381155
WSH,2014,2016,2,11,1959395,45.63113011
WSH,2015,2016,2,2,561454,53.52935564
WSH,2015,2017,2,11,3250336,46.72799126
WSH,2016,2018,2,13,3153074,44.93261702
