Time,SLP1,SST1,SSTarc,SATarc
1900.041667,0.083534,0.547130326,0.13155,1.3376
1900.125,-0.1986,0.441221557,0.13913,-0.28372
1900.208333,2.1289,0.774730897,0.25903,0.85001
1900.291667,0.60728,0.81290104,0.26444,-0.18834
1900.375,0.38404,0.479450587,0.2467,0.10577
1900.458333,1.426,0.579818726,0.32286,0.31793
1900.541667,1.3117,0.614453374,0.31798,-0.042291
1900.625,-1.1002,0.906960916,0.4212,-0.73501
1900.708333,-1.6115,0.616419854,0.31587,-0.53628
1900.791667,-0.98234,0.625566075,0.39357,-0.72724
1900.875,1.0526,0.130041274,0.10565,-0.41245
1900.958333,0.16329,0.402732294,0.22473,0.89191
1901.041667,-0.73231,0.424289676,0.23936,-0.12282
1901.125,0.71598,0.554393652,0.28836,-0.79679
1901.208333,-0.91195,0.300319856,0.1862,0.49001
1901.291667,-2.1302,-0.025364412,-0.018019,-0.84958
1901.375,-0.074477,-0.247743675,-0.10219,-0.56323
1901.458333,-0.21089,-0.744031861,-0.40011,-0.63148
1901.541667,0.52036,-1.073537247,-0.62776,-0.70279
1901.625,-0.24742,-0.740099037,-0.40871,-0.19332
1901.708333,-0.12445,-0.797105698,-0.54252,-0.97615
1901.791667,-0.62027,-0.360876119,-0.27545,1.0632
1901.875,-0.089213,-0.003446378,-0.10943,0.36475
1901.958333,-0.33749,-0.11300476,-0.083461,-0.1989
1902.041667,-0.87273,-0.287388817,-0.098785,0.015395
1902.125,0.70768,-0.339738082,-0.068167,0.97261
1902.208333,-1.7751,-0.477161626,-0.093129,-0.83889
1902.291667,-0.10468,-0.270624637,-0.045618,-0.48173
1902.375,-0.31935,-0.225071922,-0.14863,-0.28128
1902.458333,1.8921,0.339670254,0.13984,0.25134
1902.541667,-0.37851,0.602984192,0.2205,-0.39614
1902.625,-1.0739,-0.203174695,-0.18092,-0.67873
1902.708333,-1.5365,-0.502908386,-0.25161,-0.61441
1902.791667,0.087584,0.069366137,0.047264,0.055537
1902.875,-0.15174,0.476012582,0.19789,-0.95798
1902.958333,-0.74111,0.171376116,0.063226,0.25513
1903.041667,-0.80972,-0.649534889,-0.22403,-0.052755
1903.125,-0.6157,-0.933567095,-0.31026,-1.8636
1903.208333,0.34249,-1.346189108,-0.39246,-1.0547
1903.291667,-1.1514,-1.832064645,-0.68382,-0.93537
1903.375,-1.0475,-1.495598186,-0.61271,-0.66263
1903.458333,0.65979,-1.569003234,-0.66469,0.17388
1903.541667,-1.5977,-0.363593637,-0.20718,-0.78254
1903.625,-0.45384,-0.212955783,-0.097548,-0.35869
1903.708333,-1.765,-0.397019599,-0.18331,-0.57905
1903.791667,-1.4903,-0.50262787,-0.18885,-0.049122
1903.875,0.15073,-0.635355446,-0.21679,-0.396
1903.958333,-1.0567,-0.763721372,-0.26156,1.0178
1904.041667,-2.4838,-1.146844104,-0.47384,-0.28825
1904.125,-0.13307,-0.642958979,-0.3392,-1.8861
1904.208333,0.78855,-0.502517946,-0.15578,-1.3431
1904.291667,-0.42695,-0.949152819,-0.2793,0.27215
1904.375,-0.66852,-1.14059805,-0.4634,-0.19478
1904.458333,-2.2697,-1.545633066,-0.72847,-0.42864
1904.541667,-1.1606,-1.426368192,-0.82482,-0.57723
1904.625,-1.771,-1.002362247,-0.68037,-0.58609
1904.708333,-1.1591,-0.356530159,-0.2957,-0.15308
1904.791667,-1.1386,-0.109400192,-0.023735,0.72057
1904.875,0.33317,-0.639746817,-0.2825,0.93408
1904.958333,-0.62903,-0.792555532,-0.26749,0.18027
1905.041667,0.18446,-0.894068047,-0.24948,0.439
1905.125,1.0358,-0.306250534,-0.019711,0.66842
1905.208333,1.1567,-0.150656257,0.13225,1.8947
1905.291667,1.1299,-0.08128013,0.053639,0.48616
1905.375,-0.80607,-0.427846368,-0.14649,-0.29606
1905.458333,-0.59065,-0.24620032,-0.21542,-0.37961
1905.541667,0.40625,0.347610441,0.084433,0.22463
1905.625,-0.45149,0.461914941,0.11357,-0.54197
1905.708333,-0.9548,0.231027985,0.0066083,-0.86017
1905.791667,-0.83143,-0.851941853,-0.56268,-1.0277
1905.875,-0.30472,-0.040854397,-0.10509,0.10127
1905.958333,-0.95894,-0.766481085,-0.33909,-0.12436
1906.041667,-1.206,-0.31278,-0.18501,-0.35421
1906.125,-0.036876,0.126260643,1.10E-05,1.3858
1906.208333,1.6494,-0.374494006,-0.10772,0.072168
1906.291667,-0.63798,-0.070835511,0.0084094,0.4846
1906.375,-0.31459,-0.025596127,-0.023426,-0.010259
1906.458333,0.83818,0.189535287,0.064303,0.13996
1906.541667,-0.032811,0.36703534,0.10148,0.62568
1906.625,2.4019,-0.515218286,-0.25142,-0.37859
1906.708333,-0.99728,-0.561339685,-0.17124,-0.42272
1906.791667,0.037559,-0.733485248,-0.32537,0.70584
1906.875,-0.17706,-0.624895042,-0.29886,-0.10729
1906.958333,-0.73042,-0.856514699,-0.36579,0.23367
1907.041667,-0.12575,-0.379521743,-0.21444,-1.5802
1907.125,-0.45421,-0.5194805,-0.31608,-0.17243
1907.208333,-0.91525,-0.181004048,-0.19148,-1.6283
1907.291667,0.020686,-0.046211962,-0.0016389,-0.10154
1907.375,0.75697,-0.222194539,-0.049348,0.30467
1907.458333,-0.82171,0.300004214,0.1319,-0.44022
1907.541667,0.48018,0.25826359,0.073685,-0.14107
1907.625,-1.46,-0.211747419,-0.17551,-0.98008
1907.708333,-1.092,-0.747437449,-0.39814,-0.55141
1907.791667,-0.64963,-0.544441918,-0.20313,0.4151
1907.875,-1.1259,-0.793794366,-0.25386,0.55594
1907.958333,-0.22145,-0.727531275,-0.2428,0.30445
1908.041667,-1.2208,-1.039465929,-0.3705,0.54919
1908.125,-1.703,-1.655102882,-0.65709,-0.37517
1908.208333,-1.5412,-1.270996792,-0.43991,-0.057576
1908.291667,-1.2099,-1.366348561,-0.49167,-0.19128
1908.375,-1.0397,-1.889338382,-0.81849,-0.96606
1908.458333,-1.6492,-2.01638003,-0.97422,-0.88206
1908.541667,-0.16425,-2.279573362,-1.1606,-0.27157
1908.625,-0.61971,-2.642521528,-1.2633,-0.96723
1908.708333,-1.6207,-1.859922221,-0.99314,-1.2955
1908.791667,-0.48388,-1.872866175,-0.97306,-1.4315
1908.875,0.79093,-0.684200156,-0.38674,0.18581
1908.958333,-1.2418,-0.3945326,-0.21033,-0.52752
1909.041667,0.18328,-0.905377333,-0.32422,-2.5013
1909.125,-1.0379,-1.536466454,-0.51943,-1.4298
1909.208333,-1.1422,-1.533203679,-0.54663,-1.0754
1909.291667,-1.3575,-1.335386764,-0.51177,-0.7536
1909.375,-1.0829,-1.44370163,-0.56981,-1.2404
1909.458333,-1.4837,-1.780575082,-0.72373,-0.79552
1909.541667,-1.4438,-2.233605116,-1.0393,-0.99751
1909.625,-1.552,-2.554935433,-1.213,-1.0363
1909.708333,-1.9612,-2.454459416,-1.2589,-0.78366
1909.791667,-1.2853,-2.054447349,-1.0524,-0.74685
1909.875,-1.5173,-2.328778249,-1.1151,-1.0635
1909.958333,-0.064846,-2.630427009,-1.1259,-1.1847
1910.041667,-2.2672,-2.215988206,-0.9437,-0.79922
1910.125,-0.821,-2.197136777,-0.90105,-1.6251
1910.208333,-0.12922,-2.619771675,-0.98727,0.12651
1910.291667,-0.81698,-2.963668016,-1.108,-0.61308
1910.375,0.0037282,-2.536695668,-1.0699,-0.18515
1910.458333,-2.0596,-2.273427437,-1.0444,-1.5287
1910.541667,-0.3857,-2.179220631,-1.0204,-0.64875
1910.625,-1.3515,-2.034247171,-1.0374,-1.0875
1910.708333,-1.0196,-1.681526609,-0.90378,-0.38163
1910.791667,-1.7041,-2.444089971,-1.057,-0.28084
1910.875,-0.14569,-2.541792713,-1.1158,-0.29412
1910.958333,0.05588,-2.40127301,-0.92657,0.14612
1911.041667,-1.0095,-1.739734925,-0.70993,-1.4644
1911.125,-1.1236,-2.100155146,-0.86328,-1.5992
1911.208333,-0.78372,-1.708007372,-0.72948,-0.52797
1911.291667,-0.88264,-1.535669691,-0.68224,-1.77
1911.375,-1.0443,-1.933865498,-0.87735,-1.4433
1911.458333,-0.58162,-1.783520868,-0.83591,-1.4852
1911.541667,-0.13265,-2.046928201,-1.0081,-0.32866
1911.625,-0.73085,-1.656671656,-0.90469,-0.41162
1911.708333,-2.2242,-1.481885834,-0.68298,-0.85074
1911.791667,0.17672,-1.940532211,-0.7841,-0.066879
1911.875,-1.3666,-1.500297676,-0.56233,-0.76088
1911.958333,-1.589,-1.871576613,-0.85732,-0.44734
1912.041667,0.55859,-1.67425796,-0.78431,0.77954
1912.125,-0.20589,-0.940992346,-0.51811,1.1171
1912.208333,-0.62874,-1.392448408,-0.64933,-0.53168
1912.291667,-1.6991,-0.920862824,-0.42752,-0.59439
1912.375,-0.70428,-0.315790079,-0.051882,0.094824
1912.458333,-0.34293,-0.501945198,-0.13487,-0.46268
1912.541667,-0.18228,-0.65606486,-0.12609,-0.55618
1912.625,0.47699,-0.776031111,-0.34769,-0.96022
1912.708333,-0.80083,-1.181959317,-0.48206,-0.45156
1912.791667,-1.4881,-1.6367269,-0.64928,-0.84447
1912.875,-0.86328,-1.675419955,-0.68934,0.095083
1912.958333,-1.9193,-1.620316621,-0.67425,0.079267
1913.041667,-1.5212,-2.380423001,-1.0142,-1.6708
1913.125,0.18512,-1.347688383,-0.58023,-0.36486
1913.208333,-0.95265,-1.304644411,-0.57731,-0.79154
1913.291667,-0.94664,-1.693375385,-0.74194,-0.73143
1913.375,-0.185,-1.19310936,-0.56698,-0.75797
1913.458333,-0.4266,-1.135063282,-0.47379,-0.23404
1913.541667,-1.9022,-1.112719168,-0.45025,-0.26092
1913.625,0.0093043,-1.279523515,-0.56063,0.19444
1913.708333,-0.72042,-1.377864883,-0.60203,-0.15223
1913.791667,-0.88486,-1.272454491,-0.55429,-0.47802
1913.875,-1.5237,-1.175385112,-0.53502,-0.045388
1913.958333,0.56007,-1.295594075,-0.61228,0.29474
1914.041667,-0.58108,-1.356811597,-0.51357,0.23316
1914.125,0.2787,-0.99070125,-0.35276,0.54614
1914.208333,-0.4395,-0.354269542,-0.14909,0.78311
1914.291667,0.95709,-0.150183796,0.019943,0.34382
1914.375,-1.0343,-0.532862685,-0.16639,-0.20585
1914.458333,-0.91769,-1.052010327,-0.47163,-0.62225
1914.541667,-0.59256,-1.207187288,-0.56954,-0.76399
1914.625,-0.81789,-1.069274202,-0.48962,-0.77864
1914.708333,-2.5337,-1.26564919,-0.49789,-1.0435
1914.791667,0.035201,-0.977493094,-0.33026,0.9964
1914.875,-0.74816,-1.252411172,-0.45283,0.37204
1914.958333,-0.18543,-0.756867866,-0.25171,-0.77991
1915.041667,-0.46444,-1.058186289,-0.31422,0.64067
1915.125,-1.0996,-1.198788409,-0.39549,-0.28613
1915.208333,0.98514,-0.307135654,-0.0516,1.7887
1915.291667,0.32167,-0.096158788,0.044281,0.31529
1915.375,1.8896,-0.245864887,-0.079918,0.51783
1915.458333,-2.1156,0.049789824,0.023415,0.20368
1915.541667,-0.34877,0.162642943,0.042537,0.38192
1915.625,-0.31043,0.021985214,-0.020105,0.32467
1915.708333,-0.83408,-0.511793107,-0.21404,-0.29903
1915.791667,-1.2286,-1.145371785,-0.473,-0.45718
1915.875,-2.6131,-0.883849206,-0.36483,-0.74055
1915.958333,-1.5419,-1.147392896,-0.4477,0.050262
1916.041667,-0.64903,-1.730267792,-0.61909,-2.8595
1916.125,-0.51622,-1.36920861,-0.47941,-0.16363
1916.208333,-0.59421,-1.488774453,-0.5103,-0.45485
1916.291667,-0.85983,-1.044679677,-0.33155,0.47895
1916.375,-2.641,-1.781166672,-0.71774,-1.0152
1916.458333,-1.1,-2.205084606,-0.97001,-0.92648
1916.541667,-1.3137,-2.394895376,-1.0667,-0.87145
1916.625,-1.3643,-2.809343135,-1.2771,-0.84527
1916.708333,-1.5773,-2.251875048,-1.0112,-0.71562
1916.791667,-2.3769,-2.450562179,-1.1021,-0.98183
1916.875,-2.4079,-2.256817149,-1.0215,-1.3411
1916.958333,-0.51962,-2.485564705,-1.0707,-2.1328
1917.041667,-1.3586,-2.181792635,-0.9276,-2.4022
1917.125,-0.31897,-1.348645301,-0.60018,-1.1655
1917.208333,-2.3759,-1.912535532,-0.81582,-1.3602
1917.291667,-0.10273,-1.828076794,-0.86202,-0.83326
1917.375,-1.4179,-1.382570973,-0.71034,-1.0359
1917.458333,-3.1539,-1.315037059,-0.73318,-0.47604
1917.541667,-1.9756,-0.909642263,-0.45904,-0.60181
1917.625,-1.6621,-1.097189446,-0.51514,-0.57901
1917.708333,-2.1045,-0.81491169,-0.41522,-0.40966
1917.791667,-1.0813,-0.914506798,-0.48466,-0.34141
1917.875,-0.6504,-0.862559512,-0.39133,-0.14202
1917.958333,0.86163,-0.293667055,-0.15,-1.0934
1918.041667,-0.4063,0.542275143,0.1831,0.17039
1918.125,-0.90026,-0.150149385,-0.13187,-1.329
1918.208333,-0.54327,-0.394861819,-0.18744,-1.0901
1918.291667,0.28007,-0.794714999,-0.24512,-0.74238
1918.375,-0.86101,-0.638809926,-0.2424,-1.1242
1918.458333,1.1695,-0.139719857,-0.099427,0.24062
1918.541667,0.81676,-0.030807024,-0.039985,-0.051411
1918.625,-0.69103,-0.280801722,-0.1203,-0.39287
1918.708333,-0.35374,-0.336894082,-0.091728,0.3489
1918.791667,-0.43146,-0.06931947,0.066351,0.20195
1918.875,-0.73551,-0.233956721,-0.047657,-0.89392
1918.958333,-1.5148,-1.814202978,-0.74247,-0.53315
1919.041667,-1.0811,-1.440487075,-0.55557,-1.1568
1919.125,-0.92052,-1.689455802,-0.66961,-0.7102
1919.208333,-0.20031,-1.551624377,-0.67319,-0.84427
1919.291667,1.1251,-1.372633879,-0.58354,0.039885
1919.375,0.69174,-1.417726129,-0.60204,-0.55108
1919.458333,0.63089,-1.41284457,-0.72768,-0.60169
1919.541667,-1.0418,-1.618631064,-0.78211,-0.56207
1919.625,-0.65085,-1.531598836,-0.73398,-0.39121
1919.708333,-0.18292,-0.91405752,-0.42223,-0.057002
1919.791667,-0.93056,-1.044275157,-0.45855,-1.3798
1919.875,-0.092186,-1.331891534,-0.61672,-0.70531
1919.958333,0.40542,-1.192709495,-0.64803,-0.70726
1920.041667,-0.30001,-1.107553588,-0.44974,-0.85353
1920.125,-0.41819,-0.763376531,-0.31412,0.42786
1920.208333,-1.255,-0.911415224,-0.43388,-1.1293
1920.291667,-0.41359,-1.017717542,-0.50915,-1.5618
1920.375,0.64743,-0.350697097,-0.231,-0.9237
1920.458333,0.25242,-0.518613014,-0.18958,-0.49889
1920.541667,0.018992,-0.716507847,-0.30833,-0.32258
1920.625,-0.056216,-1.526324099,-0.65933,-0.42525
1920.708333,-0.80365,-1.987290675,-0.85335,-1.0276
1920.791667,-0.028814,-1.645062128,-0.68423,-1.5739
1920.875,0.12112,-1.427601377,-0.5935,-0.1573
1920.958333,-0.40089,-1.554384409,-0.59273,-0.34033
1921.041667,-2.1204,-1.886555931,-0.69126,-0.85165
1921.125,0.053487,-1.413606132,-0.52703,-0.38104
1921.208333,-0.97522,-0.98423734,-0.36268,0.06022
1921.291667,-1.1624,-1.701006167,-0.65972,-0.5365
1921.375,-0.06504,-0.989358144,-0.48633,-0.86819
1921.458333,0.76436,-0.6629897,-0.32085,0.32151
1921.541667,-2.5759,-0.735376266,-0.46076,-0.70519
1921.625,-0.91087,-0.767451924,-0.3895,-0.47011
1921.708333,-1.3664,-0.865364183,-0.39456,-0.8702
1921.791667,-0.69849,-0.93878945,-0.37113,-0.020871
1921.875,0.41044,-0.67424878,-0.21822,-0.10374
1921.958333,-0.46373,-0.752865249,-0.26698,-0.058634
1922.041667,-1.3018,-0.684904618,-0.25555,-0.87087
1922.125,-1.3273,-1.158684376,-0.44629,-1.3916
1922.208333,-0.73968,-1.059045932,-0.39666,-1.6225
1922.291667,-2.0509,-1.099643982,-0.46315,-1.054
1922.375,-1.1196,-1.573317073,-0.74286,-0.54058
1922.458333,0.30543,-1.194480204,-0.49812,-0.16279
1922.541667,-2.2011,-0.298733898,-0.13162,-0.51719
1922.625,-0.92157,-0.436509754,-0.18903,-0.39176
1922.708333,-1.6399,-0.400934225,-0.16516,-0.05732
1922.791667,-0.47763,-0.684376325,-0.19645,0.35146
1922.875,-0.52676,-0.769800895,-0.24098,-0.64001
1922.958333,0.1329,-0.426842386,-0.1985,-0.54465
1923.041667,-1.639,-0.269681107,-0.15886,-0.22197
1923.125,-0.36994,-0.932672973,-0.33626,-0.67365
1923.208333,-1.3558,-0.890254756,-0.39053,-0.20492
1923.291667,0.29279,-0.48515458,-0.17787,-0.015794
1923.375,-0.25769,-0.019557343,-0.023001,-0.11165
1923.458333,0.22413,-0.674884742,-0.28945,-0.63111
1923.541667,-0.3461,-0.434684052,-0.078982,0.096477
1923.625,0.40595,-0.234960801,-0.0020888,0.51291
1923.708333,-0.85495,0.159643306,0.16176,0.25919
1923.791667,0.56236,0.253915787,0.16348,0.89847
1923.875,0.39759,0.399703602,0.23858,1.2861
1923.958333,-1.285,-0.093146535,-0.026358,-0.49426
1924.041667,-0.098329,-0.355166253,-0.10346,-0.049918
1924.125,-0.84035,-0.215130864,0.037466,0.85774
1924.208333,-0.25617,-0.237115598,-0.11501,0.1041
1924.291667,-0.42176,-0.955459811,-0.38655,-0.99179
1924.375,0.042246,-0.689807903,-0.27003,0.10097
1924.458333,-0.27469,-0.411463181,-0.16654,-0.02674
1924.541667,-1.7617,-0.787372868,-0.30186,-0.82952
1924.625,-0.94353,-0.809463778,-0.28092,-0.66941
1924.708333,-0.16755,-1.14732666,-0.43808,-0.42783
1924.791667,-1.2915,-1.577576474,-0.63639,-1.0311
1924.875,-0.39536,-0.763750347,-0.36266,0.13316
1924.958333,0.10808,-0.441550975,-0.24063,-1.0522
1925.041667,-1.364,-0.67594218,-0.30721,-0.60448
1925.125,-0.032692,-0.550944803,-0.24185,0.028883
1925.208333,-0.86108,-0.50732252,-0.22982,0.039382
1925.291667,-0.58229,-0.713487701,-0.25895,-0.19237
1925.375,0.96159,-0.238959511,0.0057144,0.068237
1925.458333,-0.78659,-0.417977125,-0.084939,-0.28153
1925.541667,0.024171,-0.161670083,-0.031176,-0.011296
1925.625,-1.4781,-0.665567426,-0.33346,-0.18624
1925.708333,0.86537,0.530593052,0.23981,-0.10069
1925.791667,0.90939,0.257177463,0.2466,0.39306
1925.875,-0.88336,0.102943963,0.14517,0.47884
1925.958333,1.3828,0.502133926,0.28808,1.3977
1926.041667,-0.13877,1.28844117,0.55101,1.9975
1926.125,0.025974,1.015497378,0.40323,0.97642
1926.208333,0.77959,1.207583024,0.51909,2.1608
1926.291667,2.2556,1.446822772,0.73525,1.5922
1926.375,0.20088,1.218861037,0.66836,0.70836
1926.458333,1.4358,1.130873122,0.5291,0.79973
1926.541667,-0.61984,1.139809614,0.47297,0.45526
1926.625,-0.32095,0.869917088,0.35097,0.41269
1926.708333,-0.93643,1.091876268,0.48345,-0.14764
1926.791667,1.9588,1.107287202,0.43496,1.2549
1926.875,1.2462,2.306928199,0.99287,1.8816
1926.958333,-1.1211,2.063738218,0.89411,0.15322
1927.041667,-1.0734,1.339340997,0.62547,0.83606
1927.125,0.94268,0.693638797,0.34836,0.66027
1927.208333,-1.7192,0.204302812,0.13813,-0.74798
1927.291667,0.1953,-0.02483912,-0.095354,-1.1828
1927.375,-1.3911,-0.367227144,-0.24416,-0.50157
1927.458333,0.16749,-0.449080329,-0.22802,-0.059389
1927.541667,-1.5368,-0.99878666,-0.47937,-0.0082433
1927.625,-0.024383,-0.668440105,-0.3213,-0.16804
1927.708333,1.1692,-0.932862474,-0.48602,-0.49461
1927.791667,-0.43494,-0.830275281,-0.44022,-0.44917
1927.875,0.15115,-0.557074977,-0.27722,-0.83666
1927.958333,-0.48915,-0.163135377,-0.18774,-1.0521
1928.041667,-1.1184,0.163711432,0.008651,1.042
1928.125,-0.59267,0.062093933,0.0039302,0.68713
1928.208333,0.60075,0.625690994,0.28653,0.37464
1928.291667,0.67326,0.082798199,0.034663,0.10813
1928.375,-0.21793,0.021196542,0.0028656,0.21091
1928.458333,0.7376,-0.040632558,0.026483,-0.01407
1928.541667,-0.14579,-0.671602723,-0.27365,-0.35261
1928.625,-1.3637,-1.122068554,-0.53573,-0.80251
1928.708333,-1.0026,-1.345364522,-0.62739,-0.69469
1928.791667,-0.32376,-0.745765267,-0.35925,-0.60975
1928.875,-0.19964,-0.509112703,-0.25275,0.23091
1928.958333,-0.78533,-0.380380655,-0.21586,0.18791
1929.041667,0.31206,-0.180546312,-0.13073,-0.15683
1929.125,-0.90428,0.148058558,-0.0083983,-0.77158
1929.208333,-1.2949,0.083916718,-0.0056699,-0.63258
1929.291667,-0.33286,0.084346079,-0.015615,-1.159
1929.375,-0.0035601,0.068042107,0.027049,-0.38147
1929.458333,0.75588,0.326605738,0.15703,-0.079156
1929.541667,-1.1031,0.601271849,0.27537,-0.17358
1929.625,-0.17168,0.623902013,0.23748,0.17238
1929.708333,0.5674,0.455672266,0.07253,0.49887
1929.791667,0.65092,0.253951276,0.053413,0.77466
1929.875,-0.088313,0.510024136,0.21202,0.51756
1929.958333,0.3637,0.986422161,0.48174,0.14697
1930.041667,0.886,1.310084087,0.55021,-1.3186
1930.125,0.037792,0.909639533,0.41545,-0.48309
1930.208333,-0.21617,0.520566339,0.23459,-0.040629
1930.291667,0.75476,0.499955603,0.36643,0.3267
1930.375,-1.0664,-0.199685982,-0.016637,-0.92444
1930.458333,-0.52344,-0.096783896,-0.0017642,-0.48881
1930.541667,0.00038399,0.208597997,0.10095,-0.53851
1930.625,-0.30276,0.78268794,0.40272,0.4218
1930.708333,-0.62391,1.222870157,0.55991,-0.39431
1930.791667,1.0992,0.685206152,0.20419,-0.49667
1930.875,0.11826,0.688422237,0.29061,-0.087122
1930.958333,-0.76219,0.928867706,0.3828,1.2818
1931.041667,0.20736,0.830565099,0.35897,2.2175
1931.125,-0.55669,0.726821363,0.34071,0.97785
1931.208333,0.52693,1.008597865,0.40707,0.59735
1931.291667,1.6138,0.943887257,0.38969,0.7939
1931.375,1.1176,1.250099391,0.61603,0.66181
1931.458333,0.88911,0.998372125,0.54972,0.23761
1931.541667,1.7035,0.485508943,0.27464,0.38133
1931.625,-0.55096,0.315112974,0.18855,0.25347
1931.708333,-1.0637,0.338864818,0.2584,-0.16649
1931.791667,-1.1621,-0.259289909,0.031129,-0.053566
1931.875,-0.66883,-0.525501259,-0.10979,-0.66734
1931.958333,-0.59646,-0.460027886,-0.15082,-0.54734
1932.041667,-1.6696,-0.887676996,-0.29089,-1.0272
1932.125,-0.23521,-0.680840383,-0.26029,-1.6027
1932.208333,1.1502,-0.356033174,-0.10773,0.82829
1932.291667,0.71202,-0.256691621,-0.085837,0.14129
1932.375,-0.77714,-0.49211573,-0.20893,-0.48168
1932.458333,0.38348,-0.691661687,-0.38229,-0.63384
1932.541667,-0.98213,-1.040535392,-0.57705,-1.0598
1932.625,0.056138,-1.154837391,-0.59293,-0.61415
1932.708333,-0.94009,-1.330249925,-0.68492,-0.68525
1932.791667,-0.48087,-0.058896626,-0.16486,0.35481
1932.875,-0.11217,0.105604883,-0.075121,0.042711
1932.958333,-0.79849,-0.184199651,-0.16996,-0.8176
1933.041667,-1.3793,-0.793042369,-0.39872,-1.3446
1933.125,-1.3309,-1.00180221,-0.50306,-1.4378
1933.208333,0.1034,-1.124199797,-0.45402,-0.57727
1933.291667,-0.35355,-0.986444645,-0.49542,-0.73072
1933.375,-1.4502,-2.118930999,-0.93199,-1.2455
1933.458333,-1.5441,-1.850224441,-0.86904,-1.1748
1933.541667,-1.2091,-2.343674101,-1.1284,-1.0666
1933.625,0.2567,-1.983358723,-0.912,-0.5038
1933.708333,-0.95509,-2.348612845,-1.0281,-1.4525
1933.791667,0.26367,-1.850932164,-0.75221,-0.72386
1933.875,-0.57101,-0.441644668,-0.24443,0.33077
1933.958333,0.62927,-0.588728686,-0.26237,-1.2556
1934.041667,-0.75111,-0.228286969,-0.13538,0.029516
1934.125,1.3694,0.572625521,0.22364,1.8553
1934.208333,1.1763,1.561572373,0.68596,1.5814
1934.291667,0.59566,1.420188706,0.67503,0.9447
1934.375,0.7407,0.894986452,0.52686,0.75378
1934.458333,-1.1231,0.517387243,0.3535,-0.28413
1934.541667,-1.2897,0.301397744,0.18279,-0.32238
1934.625,-0.8088,0.833348819,0.40366,0.064924
1934.708333,0.51608,0.618397766,0.2614,0.032209
1934.791667,-0.19924,0.31504033,0.15229,0.32733
1934.875,0.37484,0.871166822,0.37449,1.0285
1934.958333,-0.18956,0.807757142,0.3853,0.84922
1935.041667,1.0261,0.372109729,0.21694,-0.3486
1935.125,-1.1277,0.475587793,0.25585,1.013
1935.208333,-0.11775,0.186828356,0.09046,-1.0005
1935.291667,1.1071,0.603981951,0.37235,0.025135
1935.375,0.2526,0.598993813,0.27779,-0.21997
1935.458333,1.1555,0.742012341,0.31755,0.12552
1935.541667,-0.66955,0.314929587,0.071219,-0.3237
1935.625,-0.1124,0.010516054,-0.069959,-0.21637
1935.708333,1.1265,0.406482394,0.20465,0.080048
1935.791667,0.24265,1.179050152,0.44061,-0.83526
1935.875,-0.23556,0.875353432,0.28182,-0.59914
1935.958333,1.6839,1.307522713,0.47937,0.882
1936.041667,1.2036,1.167381286,0.4711,0.64472
1936.125,2.1505,1.299225076,0.53518,-1.299
1936.208333,-0.52459,1.258193721,0.58618,-0.62717
1936.291667,0.96767,1.261555595,0.60608,0.2928
1936.375,0.41931,1.187390916,0.75313,0.26549
1936.458333,1.9202,1.917550303,1.0529,1.1487
1936.541667,0.33933,1.695306581,0.96439,0.31847
1936.625,0.13106,1.657982035,0.88492,0.39318
1936.708333,-0.23833,1.341612644,0.6317,-0.18164
1936.791667,0.91557,1.859612566,0.76296,1.1568
1936.875,0.071796,2.05613325,0.91949,0.6974
1936.958333,-1.1708,1.596601866,0.67073,-0.11156
1937.041667,-1.3446,0.285275636,0.087678,-1.4829
1937.125,-0.8952,0.451825051,0.13026,-1.4739
1937.208333,1.0036,0.445457711,0.25211,0.14943
1937.291667,-0.23029,0.336721113,0.18573,-0.20014
1937.375,0.35725,0.038562954,0.097873,-0.1361
1937.458333,1.2501,0.805672187,0.49322,0.34452
1937.541667,-0.59017,0.190916555,0.20115,-0.15138
1937.625,-1.8488,-0.084327637,0.060647,-0.33131
1937.708333,-0.66159,0.419386818,0.27382,0.41018
1937.791667,1.2444,0.845008915,0.49192,1.8366
1937.875,-0.16445,1.108967112,0.67138,0.82898
1937.958333,1.3434,1.007166938,0.56156,0.53178
1938.041667,-0.45272,1.773461039,0.77079,0.60381
1938.125,1.2901,0.562273139,0.29677,-0.17748
1938.208333,-0.20629,0.066512177,0.16912,-0.0028617
1938.291667,0.28894,0.448426085,0.2784,0.62542
1938.375,0.035932,0.141866995,0.13583,-0.32439
1938.458333,-0.5026,0.337293613,0.20571,-0.48954
1938.541667,-0.83838,0.542093726,0.25717,-0.22156
1938.625,-1.3851,0.408961556,0.18326,-0.23232
1938.708333,0.14547,0.472876798,0.19264,0.55018
1938.791667,0.32146,0.708460415,0.36366,0.72915
1938.875,-0.66297,-0.279876212,0.0043046,-0.12837
1938.958333,-0.6689,0.364747191,0.20659,0.87764
1939.041667,-1.0017,-0.104666716,0.0119,0.42641
1939.125,-1.722,-0.360583201,-0.18824,-0.46802
1939.208333,-0.35451,-0.24174311,-0.10503,-0.64542
1939.291667,-0.35555,-0.122914718,-0.058902,0.23617
1939.375,0.298,0.053227324,0.060982,-0.23987
1939.458333,-0.067392,-0.453902358,-0.23486,-0.62238
1939.541667,-1.0137,-0.548232157,-0.22856,-0.32381
1939.625,0.21809,-0.713529003,-0.23344,-0.2581
1939.708333,0.20539,-0.334327068,-0.099452,0.26179
1939.791667,-0.48535,0.004973175,0.040171,-0.20971
1939.875,-0.19364,-0.280348418,-0.08598,0.34156
1939.958333,1.5315,0.435722398,0.27887,1.2029
1940.041667,2.9329,0.676845817,0.44441,1.4842
1940.125,1.4987,0.330217795,0.28051,1.2397
1940.208333,2.2853,1.242802919,0.6088,0.87662
1940.291667,2.1392,2.253832418,0.97103,1.7596
1940.375,0.77304,2.296468684,1.0562,1.0144
1940.458333,0.9005,2.069191727,0.95776,0.42874
1940.541667,0.32601,1.705604166,0.84288,0.12573
1940.625,-0.15159,0.868253619,0.45174,0.10164
1940.708333,0.85925,0.870792523,0.53346,0.6187
1940.791667,0.76573,0.957413226,0.58203,0.96706
1940.875,0.78852,1.499124915,0.67146,0.032872
1940.958333,2.5627,1.597927901,0.69333,1.3534
1941.041667,1.5351,1.748887537,0.86342,1.2741
1941.125,1.9767,2.188035796,1.033,1.5612
1941.208333,0.77242,1.785337679,0.83386,1.7316
1941.291667,1.5408,2.178972,0.91753,0.87763
1941.375,0.26161,1.987922012,0.99207,0.56984
1941.458333,0.59942,1.737834026,0.92358,0.32834
1941.541667,1.7322,1.595117884,0.83576,0.51895
1941.625,1.1532,1.615064415,0.80829,0.60344
1941.708333,1.212,1.631524859,0.81962,-0.029878
1941.791667,-0.2619,1.259360739,0.60506,0.28317
1941.875,1.1903,1.799280493,0.88649,0.5528
1941.958333,-0.14281,1.926571823,0.8798,0.23276
1942.041667,0.89053,2.08832809,0.86401,1.4801
1942.125,0.93574,2.234321468,0.92905,0.93905
1942.208333,-0.53449,1.304989786,0.61304,-0.47565
1942.291667,0.67724,1.064968228,0.56312,0.26608
1942.375,1.3233,0.983629094,0.50901,0.47811
1942.458333,-0.071308,0.388930596,0.28591,-0.099502
1942.541667,0.45891,0.552494844,0.3736,0.75126
1942.625,1.1652,0.569634368,0.30763,0.34034
1942.708333,0.99378,0.844721167,0.41704,0.21192
1942.791667,0.44855,1.159260477,0.52224,0.52827
1942.875,0.62902,1.059630075,0.45629,-0.46767
1942.958333,-0.26937,0.868102686,0.35153,-0.63665
1943.041667,0.20508,0.445413287,0.18344,-1.2661
1943.125,-0.85669,0.023828943,0.025284,0.64771
1943.208333,0.11162,0.641143927,0.35777,-0.12971
1943.291667,0.38901,0.855753925,0.45555,0.46677
1943.375,0.40244,0.442794032,0.24771,0.16121
1943.458333,0.62396,0.443844062,0.18852,-0.15198
1943.541667,-0.17529,0.471029928,0.18228,-0.4026
1943.625,-1.0642,0.248183985,0.12223,-0.41754
1943.708333,-0.2547,0.034263839,0.033852,0.34074
1943.791667,0.034337,0.029134161,0.039098,0.46295
1943.875,0.63951,0.327114557,0.12143,1.2473
1943.958333,-0.30855,1.075655138,0.40917,0.8296
1944.041667,-0.14547,0.953557922,0.30855,0.72149
1944.125,-0.82598,0.669256351,0.22147,0.27992
1944.208333,0.51915,0.468112595,0.17771,-0.30256
1944.291667,-0.13773,0.177878093,0.068121,-0.25113
1944.375,-0.73114,0.025944938,0.014401,-0.24107
1944.458333,-0.075171,-0.151653353,-0.13564,-0.42953
1944.541667,-1.5546,-0.266971397,-0.16104,-0.4803
1944.625,-1.0212,0.130353381,0.089509,-0.36799
1944.708333,-0.38257,-0.112782869,0.020965,0.15499
1944.791667,-0.022075,0.136749102,0.11004,1.2001
1944.875,0.49793,0.643494761,0.36331,0.28527
1944.958333,0.24439,1.023077296,0.44881,0.6257
1945.041667,0.27235,1.238795642,0.55722,1.7003
1945.125,0.50895,1.379821757,0.53541,0.86587
1945.208333,-1.2301,0.600939166,0.078247,-0.61269
1945.291667,-0.61726,0.60209892,0.060448,-0.61787
1945.375,2.1443,0.849870545,0.17553,-0.068956
1945.458333,-0.032142,0.441993966,0.063775,-0.12148
1945.541667,1.4222,0.736418318,0.18696,-0.13454
1945.625,-1.0929,0.409556665,0.14787,-0.28005
1945.708333,-0.14409,0.366376031,0.14019,-0.29622
1945.791667,-0.18662,0.942404244,0.46083,0.025538
1945.875,-0.50854,0.254128301,0.14741,-1.1526
1945.958333,1.6217,-0.114534269,-0.075443,0.023317
1946.041667,-1.2942,0.158233034,0.032089,0.89193
1946.125,-0.40649,0.073286665,-0.016023,-0.39825
1946.208333,-1.7025,-0.507316781,-0.20636,-1.0233
1946.291667,-1.6237,-0.585413613,-0.25676,-0.46902
1946.375,1.1589,-1.0285821,-0.36923,-0.17927
1946.458333,-1.4821,-0.372253301,-0.023657,0.041289
1946.541667,-1.0354,0.421740909,0.29253,-0.13754
1946.625,-0.52911,0.446634891,0.27225,-0.43411
1946.708333,0.1814,0.160400697,0.09681,0.047072
1946.791667,-0.94589,-0.32099941,-0.045968,-0.74947
1946.875,0.12103,-0.935370133,-0.3616,-1.3268
1946.958333,0.19066,-0.514341989,-0.25212,-1.1454
1947.041667,-0.74422,0.181073785,0.025361,-2.2819
1947.125,1.7313,0.645781996,0.18192,0.49063
1947.208333,0.2043,0.61144476,0.17824,0.67528
1947.291667,-0.39648,1.267349123,0.59564,0.73489
1947.375,0.72623,1.012921416,0.45584,0.36709
1947.458333,0.19342,1.703391589,0.93831,0.1237
1947.541667,-1.2728,0.805789101,0.4517,0.072857
1947.625,-0.69563,0.513589981,0.31811,-0.30195
1947.708333,-1.3934,0.39634848,0.15578,-0.06194
1947.791667,-0.22535,0.805330755,0.39275,0.13209
1947.875,0.26277,0.711545778,0.38932,0.15803
1947.958333,-0.64913,0.815525039,0.42675,0.49284
1948.041667,-0.41603,0.562052789,0.22998,0.43954
1948.125,-0.73931,-0.418461894,-0.1894,-1.7472
1948.208333,-0.86992,-0.714534078,-0.4434,-1.2301
1948.291667,0.55748,-0.997631419,-0.47258,-0.95809
1948.375,0.38441,0.17194863,0.20134,-0.31979
1948.458333,0.56556,0.894381199,0.45679,0.15109
1948.541667,0.059819,1.01438945,0.46328,-0.46495
1948.625,-0.68915,1.026782513,0.45279,-0.55442
1948.708333,-0.28847,0.082767347,0.011537,-0.58638
1948.791667,-0.52323,-0.620428017,-0.26435,-0.51907
1948.875,-0.82634,-1.112802099,-0.47076,-1.3078
1948.958333,-1.8846,-1.303993004,-0.59456,-2.2244
1949.041667,-1.3098,-1.829418445,-0.81961,-2.34
1949.125,-1.2599,-1.737553675,-0.77558,-2.606
1949.208333,0.41104,-1.130214096,-0.55977,0.084737
1949.291667,-0.89189,-0.822833354,-0.39475,-0.36012
1949.375,-0.037811,-0.24081087,-0.1263,-0.20021
1949.458333,-0.43193,-0.372796164,-0.1946,-0.6119
1949.541667,-1.5671,-0.278863073,-0.11608,-0.89707
1949.625,-1.3387,-0.124221216,-0.033661,-0.46391
1949.708333,0.29967,-0.172442771,-0.013512,0.34125
1949.791667,-1.3712,-0.737340579,-0.29965,-0.8372
1949.875,-0.17205,-0.081260296,0.011438,1.7125
1949.958333,-0.37963,-0.02235929,0.10569,-1.1771
1950.041667,-0.081355,-0.687715704,-0.26302,-3.307
1950.125,-0.21497,-0.658993986,-0.25616,-1.1955
1950.208333,0.045098,-0.405243384,-0.15619,0.085788
1950.291667,0.46795,-0.670541436,-0.26945,-0.38446
1950.375,-1.008,-1.0824198,-0.5257,-1.0545
1950.458333,-0.069137,-0.926374223,-0.47251,-0.35175
1950.541667,0.23152,-0.965772071,-0.42736,-0.39229
1950.625,1.4867,-0.58748413,-0.21694,0.073739
1950.708333,0.32377,-0.095698952,0.010685,-0.33396
1950.791667,0.79928,-0.147063283,0.035323,-0.33612
1950.875,1.2837,-0.122865679,0.0090005,-0.72541
1950.958333,1.1686,0.363674358,0.25239,1.1428
1951.041667,-0.9652,-0.119841232,0.066878,-1.0072
1951.125,-0.67772,-0.037538412,0.027952,-0.76653
1951.208333,0.33687,-0.700284931,-0.26963,-1.9885
1951.291667,1.1291,-0.66717872,-0.28514,-0.11479
1951.375,0.52608,0.148475225,-0.011881,-0.021475
1951.458333,1.0565,-0.086815584,-0.16146,-0.35615
1951.541667,0.066993,0.495221696,0.14828,0.28124
1951.625,0.41309,0.268503992,0.099534,-0.29101
1951.708333,2.0044,0.487537779,0.14007,0.1232
1951.791667,0.13061,0.864677788,0.31714,-0.26158
1951.875,-0.35101,0.355642246,0.097469,0.21434
1951.958333,-0.95199,-0.358389247,-0.20346,-1.1199
1952.041667,-0.4098,-0.921696887,-0.4694,-1.4882
1952.125,-0.5896,-0.771097661,-0.40174,-0.25094
1952.208333,-1.3048,-0.84876899,-0.46593,-1.0022
1952.291667,-0.39428,-1.092400995,-0.54039,-0.84164
1952.375,-0.52636,-0.578905707,-0.2086,-0.74925
1952.458333,-0.83914,-0.814908057,-0.283,-1.2471
1952.541667,-0.10186,-1.25013767,-0.50151,-0.54302
1952.625,-0.030929,-0.359681588,-0.17839,-0.27354
1952.708333,0.46948,-0.409484625,-0.21635,0.069739
1952.791667,0.26533,0.295514066,0.16082,1.0848
1952.875,-0.51798,0.080869192,0.14391,0.25879
1952.958333,0.00080451,-0.628920137,-0.22748,0.24397
1953.041667,0.53334,-0.323755559,-0.11288,0.59669
1953.125,-1.6188,-0.406676941,-0.19259,0.21835
1953.208333,-1.0285,-1.064248986,-0.45767,-0.83767
1953.291667,1.5459,-0.389360051,-0.22182,-0.2341
1953.375,0.087913,-0.076443283,-0.13058,-0.094083
1953.458333,-1.1934,-0.458358123,-0.31086,-0.1526
1953.541667,-0.14666,0.048844669,-0.032766,0.32618
1953.625,-0.55662,0.215796952,0.12246,0.036887
1953.708333,-0.5049,0.19587757,0.065819,-0.0033476
1953.791667,-0.2697,-0.212271472,-0.13616,0.050609
1953.875,-0.46203,-0.468233891,-0.17819,0.48613
1953.958333,-1.5015,-0.607812723,-0.25708,0.68712
1954.041667,0.25159,-0.412321274,-0.17555,-1.6521
1954.125,-0.10212,-0.495001919,-0.18628,-0.93566
1954.208333,0.054572,-0.764085035,-0.26504,-1.1514
1954.291667,0.86341,-0.076136471,-0.048343,-0.61077
1954.375,1.1029,0.125302414,0.057515,-0.15851
1954.458333,0.59402,-0.055940739,0.023804,-0.4053
1954.541667,0.10712,-0.303361355,-0.026299,-0.53388
1954.625,-0.34644,0.206265402,0.10343,-0.4804
1954.708333,0.40564,0.59408573,0.31674,0.1411
1954.791667,0.31381,0.397588963,0.17001,-0.072539
1954.875,1.0206,0.730951041,0.29137,1.5784
1954.958333,-0.82965,0.35465741,0.18207,-0.9364
1955.041667,-1.5617,-0.497588563,-0.17599,0.37467
1955.125,-1.5206,-0.749919497,-0.30966,-1.2121
1955.208333,-0.46359,-0.732745274,-0.33137,-1.258
1955.291667,-1.0354,-1.304617926,-0.57805,-1.6875
1955.375,-1.676,-1.377195348,-0.64015,-1.2148
1955.458333,-1.2631,-1.872919625,-0.86096,-1.3254
1955.541667,-0.12771,-1.493730997,-0.66601,-1.0918
1955.625,-1.0947,-1.151105723,-0.62947,-1.0608
1955.708333,-0.66324,-1.427765901,-0.69448,-0.71434
1955.791667,-0.82417,-1.759735242,-0.75015,-1.2546
1955.875,0.47183,-1.444598017,-0.70744,-2.1836
1955.958333,0.82315,-0.719064986,-0.32955,-1.1508
1956.041667,1.1227,-0.467088463,-0.12419,-0.79039
1956.125,-0.8104,-0.713356716,-0.23181,-2.4438
1956.208333,-0.92046,-1.422792432,-0.55319,-1.1372
1956.291667,0.55461,-1.034864576,-0.44877,-0.56471
1956.375,-0.14446,-0.32616972,-0.14561,-0.19686
1956.458333,-1.0203,-1.160923532,-0.54695,-0.64295
1956.541667,-0.34462,-0.471193406,-0.29781,-0.25314
1956.625,-0.24912,0.227450201,0.057215,-0.30632
1956.708333,0.6992,0.244274741,0.13581,-0.27859
1956.791667,-1.3133,-0.162446753,-0.086712,-1.494
1956.875,0.17081,-0.86763514,-0.43905,-0.68368
1956.958333,0.48994,-0.336360467,-0.22128,-0.81301
1957.041667,-0.55587,-0.034694743,-0.13295,-1.3186
1957.125,1.1393,-0.148964134,-0.17771,-0.70287
1957.208333,0.76282,0.343643986,0.06835,0.26364
1957.291667,-0.022349,0.771572187,0.24463,0.24362
1957.375,1.9176,1.375717465,0.6157,0.52127
1957.458333,1.6173,2.058040663,0.91424,1.0876
1957.541667,0.30416,1.348201708,0.64424,0.038091
1957.625,0.55094,1.077635868,0.52613,0.35294
1957.708333,2.4945,1.763390471,0.82053,0.98073
1957.791667,2.0695,2.234496803,0.9682,0.42607
1957.875,0.29723,2.158985167,0.89488,0.81428
1957.958333,-1.0097,1.635301639,0.72947,-0.0081314
1958.041667,1.1202,1.314064679,0.62643,1.1484
1958.125,2.5004,1.470408892,0.74391,1.4603
1958.208333,0.9749,1.381895641,0.654,-0.042453
1958.291667,0.25861,0.987801018,0.47956,0.76716
1958.375,0.59762,1.328639292,0.66097,0.71132
1958.458333,1.0496,2.036361893,1.0395,1.085
1958.541667,1.3599,1.392018422,0.7814,0.68358
1958.625,0.27976,1.479347311,0.77325,0.40796
1958.708333,0.74455,1.137915103,0.60016,0.39161
1958.791667,0.06897,1.17566621,0.60087,0.32723
1958.875,0.34391,0.611115657,0.37852,-0.32948
1958.958333,0.64687,1.177944353,0.63843,1.1678
1959.041667,0.96587,1.544824112,0.7891,0.36178
1959.125,-0.94065,1.198413355,0.65947,0.038525
1959.208333,-1.0694,1.070846752,0.50708,-0.24251
1959.291667,0.72852,1.102049314,0.52568,0.28931
1959.375,-0.026325,0.923653725,0.42484,0.090311
1959.458333,1.0899,0.997460536,0.46806,0.86
1959.541667,0.15326,0.823906338,0.45536,0.22906
1959.625,0.70476,0.592383623,0.2996,-0.16002
1959.708333,0.71886,0.697460215,0.37401,-0.035333
1959.791667,2.0516,1.460938791,0.58677,0.34933
1959.875,0.31253,1.650015743,0.72302,0.45739
1959.958333,-0.66908,1.144986233,0.48838,0.25797
1960.041667,-0.45664,0.290302029,0.11951,0.18038
1960.125,-0.27487,0.631858936,0.30562,0.47958
1960.208333,0.27562,0.523576195,0.2791,-0.15128
1960.291667,0.068821,0.527761031,0.30592,-0.13498
1960.375,0.16467,0.55901057,0.28601,0.34768
1960.458333,-0.14042,0.593723709,0.27353,0.25144
1960.541667,0.76442,0.388995288,0.18204,0.21084
1960.625,-0.80331,0.13093746,0.067172,-0.3901
1960.708333,-0.58957,-0.134686997,-0.10093,-0.30747
1960.791667,0.17384,0.119680816,-0.018751,0.24715
1960.875,-0.92558,-0.440354418,-0.25195,-0.25896
1960.958333,-0.13218,-0.007989275,-0.023234,1.0697
1961.041667,1.4565,0.483668992,0.23085,1.9287
1961.125,-1.0416,0.49941734,0.23486,0.45354
1961.208333,0.55484,0.461470461,0.22276,-0.38998
1961.291667,-0.31935,0.582053923,0.18633,0.1008
1961.375,-0.91204,0.477185961,0.14483,0.16633
1961.458333,0.03641,0.344406933,0.23438,0.45465
1961.541667,0.10013,0.39805411,0.29899,0.43513
1961.625,-0.53235,0.693843831,0.39233,0.38343
1961.708333,-0.52464,0.236483174,0.12634,-0.3965
1961.791667,-0.69269,0.027385683,0.018529,-1.0195
1961.875,-0.67585,-0.752050599,-0.32093,-0.9422
1961.958333,-0.35554,-0.982491863,-0.39297,-1.3462
1962.041667,-0.52344,-0.01716595,-0.065119,-0.062922
1962.125,0.57133,0.058341725,-0.047249,0.024446
1962.208333,-0.41268,-0.117499642,-0.1001,-1.2015
1962.291667,-0.24289,0.413277613,0.06956,0.68514
1962.375,-1.7751,-0.060497167,-0.10354,-0.7606
1962.458333,-0.31374,-0.336957421,-0.31456,-0.49775
1962.541667,-0.44649,-0.04245504,-0.16039,-0.44617
1962.625,-0.87528,0.39831727,0.20222,-0.047619
1962.708333,-0.30883,0.045512069,0.030562,-0.45322
1962.791667,0.39891,-0.700708641,-0.27764,0.19081
1962.875,-0.78747,0.006515725,-0.01386,0.62162
1962.958333,1.2359,0.143158619,0.072977,0.52675
1963.041667,1.4096,0.773944318,0.27051,-0.023354
1963.125,1.722,1.559516945,0.70663,2.1549
1963.208333,-0.81912,0.973811514,0.39246,-0.16807
1963.291667,-0.10195,0.959472122,0.44565,-0.63678
1963.375,-0.65404,0.609902336,0.37857,0.15437
1963.458333,-1.1295,0.217066526,0.1998,-0.62795
1963.541667,-0.16827,0.355073133,0.21852,-0.26738
1963.625,0.60797,0.72456586,0.34257,0.1608
1963.708333,1.8951,1.662936445,0.87079,1.3445
1963.791667,-0.27992,0.985919111,0.5836,0.49606
1963.875,0.32699,0.42378352,0.32745,-1.0199
1963.958333,1.1426,1.095764254,0.53131,0.99387
1964.041667,-1.2069,0.931088035,0.39332,0.71994
1964.125,-1.4716,0.640092118,0.26856,-0.17367
1964.208333,-0.88274,-0.218226118,-0.1479,-1.1825
1964.291667,-2.0932,-0.409015047,-0.26818,-0.80171
1964.375,-1.8266,-0.949473711,-0.47237,-1.3462
1964.458333,0.66308,-0.153775038,-0.033815,-0.20803
1964.541667,-0.00038262,-0.587846091,-0.1693,-0.39586
1964.625,-0.29375,-0.710377537,-0.22631,-0.3516
1964.708333,-0.79931,-1.141713189,-0.43376,-0.39578
1964.791667,-0.45296,-0.860954139,-0.25964,0.51565
1964.875,0.44046,-0.866194645,-0.28093,-1.0502
1964.958333,0.99099,-0.381761216,-0.12756,-1.8548
1965.041667,0.88565,-0.554872739,-0.26229,-0.43411
1965.125,-0.22479,-0.473452982,-0.24663,-1.5048
1965.208333,0.97762,-0.015601108,-0.099776,0.54169
1965.291667,0.79514,-0.023177698,-0.053333,0.16645
1965.375,-0.97063,-0.471002321,-0.30881,-1.0189
1965.458333,-0.62235,-0.875495608,-0.55533,-1.1879
1965.541667,0.37118,-0.865067241,-0.48567,-0.39347
1965.625,1.3464,0.213296015,0.0616,0.12139
1965.708333,1.1724,0.933254364,0.32723,-0.35569
1965.791667,0.55508,0.56310577,0.20939,0.30021
1965.875,0.77615,0.619385333,0.3348,0.2561
1965.958333,-0.42645,-0.075594128,0.051861,-1.175
1966.041667,0.49866,-0.727441467,-0.3062,-0.37338
1966.125,-0.76904,-0.738418045,-0.28765,-0.7472
1966.208333,0.72657,-0.341317308,-0.094146,-1.0704
1966.291667,1.4061,0.150242672,0.091541,0.1199
1966.375,-0.05599,-0.01657032,0.018521,-0.57969
1966.458333,0.40467,0.246117354,0.024518,0.21202
1966.541667,0.31123,0.002194009,-0.020923,-0.33537
1966.625,0.44223,-0.073416181,-0.098704,-0.2204
1966.708333,1.5972,0.0787173,-0.0022868,0.37584
1966.791667,-0.31605,0.103000245,0.015699,-0.8121
1966.875,0.55328,0.222497791,0.076885,0.022853
1966.958333,0.60646,0.330952255,0.19607,0.38921
1967.041667,-0.50612,-0.046724414,0.032728,0.23189
1967.125,-1.0017,0.053009137,0.044524,0.24604
1967.208333,0.097579,0.157919338,0.12864,-0.40025
1967.291667,-0.81427,-0.197366928,-0.036606,-1.2051
1967.375,-0.86616,0.543781627,0.21354,0.43662
1967.458333,1.4627,0.953473135,0.36357,0.33806
1967.541667,-0.41553,1.284483039,0.49345,0.49611
1967.625,0.96107,1.695105031,0.78017,1.0719
1967.708333,1.6792,1.671571965,0.8714,1.0637
1967.791667,0.51244,1.087791462,0.5372,0.57802
1967.875,-0.11468,1.167163012,0.62577,1.1265
1967.958333,0.50093,-0.25855279,-0.042524,-0.38598
1968.041667,0.73271,-0.204546289,-0.020796,-0.075335
1968.125,3.2575,0.466649587,0.28741,1.2095
1968.208333,-0.14407,0.809887978,0.43303,1.0203
1968.291667,-1.1177,0.283107407,0.19166,-0.27969
1968.375,0.85815,0.854935578,0.41266,0.36463
1968.458333,-0.30053,1.874688592,0.87887,0.28721
1968.541667,0.73704,1.797821737,0.9054,0.55796
1968.625,0.52149,1.237983343,0.65654,0.21503
1968.708333,0.24372,0.931964628,0.47503,-0.030329
1968.791667,0.98551,0.690473505,0.23135,-0.76002
1968.875,0.97456,0.760500881,0.2558,0.55605
1968.958333,0.72589,0.393186179,0.11455,-2.0136
1969.041667,1.5081,0.215015148,0.092558,-3.0716
1969.125,0.26266,-0.456172758,-0.17532,-0.967
1969.208333,-0.53957,-0.917816046,-0.39313,0.02004
1969.291667,-0.33106,-0.517317476,-0.16035,0.071781
1969.375,1.2542,-0.333988384,-0.11793,0.64777
1969.458333,1.857,0.857275366,0.43644,0.66045
1969.541667,-1.1054,0.323450746,0.072748,-0.013719
1969.625,0.20109,-0.027698371,-0.13456,-0.23559
1969.708333,0.68631,-0.255441003,-0.1645,0.23971
1969.791667,2.0096,0.148691849,0.033071,0.26419
1969.875,0.98566,0.293435906,0.004713,0.48177
1969.958333,1.3367,0.59145628,0.24468,1.7774
1970.041667,1.3755,0.276717625,0.13789,-0.56287
1970.125,0.89498,0.595383986,0.27543,1.7672
1970.208333,0.55833,0.858223051,0.32387,1.2921
1970.291667,-1.9737,0.423397682,0.1612,-0.56649
1970.375,-0.95502,-0.191746576,-0.20729,0.39769
1970.458333,-0.41739,-0.091674563,-0.15976,0.19297
1970.541667,-0.23827,-0.820677719,-0.45362,-0.14036
1970.625,0.0053148,-0.770212285,-0.39298,-0.3023
1970.708333,0.34953,-0.857560017,-0.45196,-0.54132
1970.791667,-0.0090748,-0.219205338,-0.15882,-0.83018
1970.875,0.46007,0.077896325,0.064741,0.21792
1970.958333,-0.9384,-0.238863225,-0.054713,-1.055
1971.041667,-0.078633,-0.950629873,-0.42961,-1.7291
1971.125,-0.33022,-0.876923979,-0.46498,-0.42102
1971.208333,-0.32358,-1.11326938,-0.57449,-1.668
1971.291667,-0.73156,-1.131826297,-0.5217,-0.79245
1971.375,-0.57655,-1.493847744,-0.78499,-1.0268
1971.458333,-0.71472,-1.556738566,-0.81224,-0.93067
1971.541667,1.1748,-1.147250363,-0.6022,-0.26593
1971.625,1.1069,-0.144432891,-0.053705,0.57313
1971.708333,-0.21617,-1.135564308,-0.43258,-0.28781
1971.791667,-0.90329,-1.412897777,-0.64685,-1.1053
1971.875,-1.0255,-1.798910425,-0.91654,-0.47348
1971.958333,-1.1031,-1.73745913,-0.9088,-1.5748
1972.041667,-0.60717,-2.231345555,-1.0723,-2.1565
1972.125,0.4233,-1.79069891,-0.87592,-1.1738
1972.208333,1.9096,-0.923123219,-0.45784,-0.759
1972.291667,-0.89432,-0.872338878,-0.42812,-1.5547
1972.375,0.26057,-0.802213855,-0.45599,-0.097895
1972.458333,0.10644,-0.626384752,-0.31253,-0.31498
1972.541667,1.0036,-0.203496135,-0.10398,0.29981
1972.625,1.9609,0.261846847,0.10332,0.42173
1972.708333,0.55134,-0.163379191,-0.099943,-0.85357
1972.791667,0.21323,-0.570083702,-0.27611,-0.69369
1972.875,-0.062396,-0.543553526,-0.27917,0.077594
1972.958333,0.4843,-0.40104435,-0.23169,-1.3408
1973.041667,-0.161,-0.315729955,-0.24605,-1.3651
1973.125,0.00050625,-0.299222314,-0.21747,0.0064164
1973.208333,-1.2686,-0.550451443,-0.28059,-0.27269
1973.291667,-0.77915,-0.742532164,-0.38368,0.11972
1973.375,-0.62191,-0.772539467,-0.3552,-0.083157
1973.458333,-0.46681,-1.114038971,-0.47602,0.013865
1973.541667,0.10573,-1.015189953,-0.4231,-0.38314
1973.625,-1.3721,-1.017764467,-0.49609,-0.90952
1973.708333,-0.50721,-1.10551319,-0.47179,-0.13616
1973.791667,-0.69198,-1.018361823,-0.4588,-0.58192
1973.875,-0.21252,-0.965352607,-0.47043,-1.3721
1973.958333,0.046626,-0.770291132,-0.32245,0.70932
1974.041667,1.2818,-0.329032528,-0.17413,-0.76986
1974.125,-1.1912,-0.58477043,-0.30434,-0.70992
1974.208333,1.6642,-0.734815928,-0.37242,-0.285
1974.291667,-0.8292,-0.244632564,-0.18859,0.33858
1974.375,-0.71612,-0.321326553,-0.26688,-0.14759
1974.458333,0.10193,-0.622221188,-0.44827,0.041891
1974.541667,-0.019483,-0.099179577,-0.14649,-0.24162
1974.625,1.5976,0.130834966,-0.046398,0.26155
1974.708333,1.3373,1.237631608,0.44014,0.86441
1974.791667,-0.35264,0.727641514,0.15005,0.015594
1974.875,-0.38972,0.186767351,-0.028913,0.032156
1974.958333,-0.78015,0.177989051,0.022497,0.32536
1975.041667,-1.0396,-0.484600697,-0.34399,-0.80492
1975.125,-0.24679,-1.049812356,-0.53887,-1.3567
1975.208333,-0.58735,-0.998900622,-0.49527,-1.0582
1975.291667,-1.8525,-1.544581884,-0.76982,-1.609
1975.375,-0.017308,-1.7566079,-0.91812,-0.48323
1975.458333,-1.1773,-1.80295949,-0.98082,-0.91197
1975.541667,0.44973,-1.40237603,-0.78177,-0.17175
1975.625,-1.2931,-1.65782087,-0.86548,-0.65301
1975.708333,-0.96444,-1.32085012,-0.74391,0.0082327
1975.791667,-1.3854,-1.239479117,-0.61288,-0.74559
1975.875,-0.4056,-1.977195448,-0.91826,-1.2465
1975.958333,-0.35523,-1.310382252,-0.66491,-0.22464
1976.041667,-0.13718,-1.1652007,-0.59356,0.64332
1976.125,-1.0518,-1.010375437,-0.48285,-1.1407
1976.208333,-0.41626,-0.997540323,-0.46241,-0.98775
1976.291667,-0.544,-1.436957948,-0.65325,-0.67358
1976.375,-0.9464,-1.483702424,-0.7423,-0.16723
1976.458333,0.7194,-1.388793141,-0.67895,-0.2705
1976.541667,0.79319,-0.985189201,-0.46264,-0.044255
1976.625,0.052193,-0.856265436,-0.34422,-0.28157
1976.708333,1.2596,-0.961717794,-0.36211,0.24721
1976.791667,0.6888,-0.118243015,-0.0042996,-0.0032023
1976.875,1.4198,0.198494615,0.14211,1.1205
1976.958333,0.83766,0.859494947,0.44585,1.0253
1977.041667,1.6974,0.806412747,0.32927,1.7509
1977.125,-0.10552,1.340164308,0.5056,2.5433
1977.208333,-1.7363,0.292627179,-0.0086917,-0.34879
1977.291667,-0.98365,-0.374464615,-0.236,0.16175
1977.375,-0.65144,-0.370776751,-0.20481,-0.6586
1977.458333,0.10856,0.151023924,0.037275,0.27903
1977.541667,-0.22687,0.222735629,0.013778,0.1392
1977.625,2.2393,0.852888458,0.364,1.231
1977.708333,0.062719,0.935344435,0.38925,0.1027
1977.791667,0.16533,0.631391734,0.2841,-0.0975
1977.875,0.61954,-0.327886096,-0.21836,-0.84919
1977.958333,1.5093,0.362122707,0.084233,-0.20882
1978.041667,1.7405,0.790576811,0.37582,1.5744
1978.125,1.8687,0.715338866,0.34524,1.293
1978.208333,1.0611,0.897270379,0.42858,1.4809
1978.291667,0.45082,1.130697487,0.52138,0.54272
1978.375,-0.72431,0.660798582,0.25794,0.66882
1978.458333,-1.771,0.38289049,0.29057,0.47713
1978.541667,0.77668,-0.052539122,0.0010023,0.051658
1978.625,0.15596,-0.047790778,0.0080945,0.37426
1978.708333,-0.060296,-0.235503495,-0.016953,0.31209
1978.791667,0.24541,0.568765409,0.21497,0.82503
1978.875,0.31137,0.231060994,0.059054,-0.7791
1978.958333,-1.3447,-0.132301906,-0.10662,-0.58729
1979.041667,0.27591,0.336945561,0.11005,-0.42678
1979.125,-0.69795,-0.637444779,-0.33022,-1.924
1979.208333,0.82096,-0.024102431,-0.070379,0.91506
1979.291667,0.41225,0.394823449,0.12174,0.46301
1979.375,0.69334,0.324473109,0.066951,0.64979
1979.458333,-2.3856,0.398209149,0.086847,0.11669
1979.541667,0.80316,0.64129059,0.20324,0.60047
1979.625,2.0018,1.22990269,0.5923,0.46639
1979.708333,1.547,1.968175978,0.95665,1.4912
1979.791667,1.6613,1.530400313,0.73206,1.3796
1979.875,0.35781,1.133943941,0.59291,0.70631
1979.958333,0.5395,1.118859811,0.53741,0.53875
1980.041667,2.2323,1.02896685,0.56765,-0.53542
1980.125,2.7259,1.139201424,0.58889,1.534
1980.208333,-0.34121,1.131335838,0.57897,0.61847
1980.291667,0.37756,0.568206199,0.31482,1.0201
1980.375,-0.51073,0.174119818,0.10683,0.092375
1980.458333,-1.8757,-0.346271073,-0.13581,-0.11213
1980.541667,-0.15156,-0.098046392,-0.015598,0.31417
1980.625,0.17529,-0.128107594,-0.11974,-0.48506
1980.708333,0.51006,-0.263351512,-0.17246,-0.075415
1980.791667,0.38013,-0.391574425,-0.18738,0.68349
1980.875,0.20706,-0.160360876,-0.071729,1.0879
1980.958333,2.5899,0.324480521,0.1164,-0.2181
1981.041667,2.2778,1.245619131,0.57593,3.2799
1981.125,0.83136,1.276311855,0.56526,1.2608
1981.208333,0.30375,1.216399877,0.51312,1.718
1981.291667,-0.38746,1.15860197,0.40217,0.70748
1981.375,1.1856,1.325987251,0.51175,1.0794
1981.458333,0.53553,1.641362891,0.72561,0.98424
1981.541667,-0.091663,0.623010382,0.25667,0.24467
1981.625,1.7811,0.748829472,0.25246,0.66846
1981.708333,0.40931,0.7567309,0.27751,0.20384
1981.791667,0.56855,0.354877155,0.10332,-0.43872
1981.875,0.4292,0.623958997,0.30432,0.52246
1981.958333,0.54611,0.446032641,0.25881,0.25992
1982.041667,0.19424,0.452027365,0.19723,-0.99431
1982.125,0.77153,0.427618312,0.18481,-0.19735
1982.208333,0.109,0.36293021,0.18958,-0.17459
1982.291667,0.21409,-0.043125266,0.063626,-0.75171
1982.375,0.13107,-0.334418362,-0.078358,-0.2479
1982.458333,1.8022,-0.415826161,-0.16805,-0.13366
1982.541667,1.199,-0.401511248,-0.20555,-0.20453
1982.625,-0.033199,-0.379814432,-0.17091,0.1521
1982.708333,0.40439,-0.030325314,-0.086707,0.33403
1982.791667,0.6426,-0.104141874,-0.061824,-0.28279
1982.875,1.6622,-0.141524861,-0.033798,-0.65359
1982.958333,0.66288,0.217670952,0.16432,0.45548
1983.041667,1.9142,0.296833871,0.18238,1.2138
1983.125,2.5799,0.53926008,0.31297,1.1728
1983.208333,3.0733,1.358748436,0.61078,1.332
1983.291667,0.20011,1.117945136,0.46455,0.20377
1983.375,-0.2864,0.714011249,0.32831,0.55871
1983.458333,0.1863,0.625282233,0.31186,0.44124
1983.541667,-0.29807,0.158369429,0.1419,0.30174
1983.625,-1.4602,0.145319139,0.17654,0.67611
1983.708333,-0.49302,0.14396146,0.17925,0.058689
1983.791667,-0.26092,0.244820899,0.20074,-0.045371
1983.875,1.5608,0.801780118,0.45392,0.65069
1983.958333,1.6053,1.147897556,0.48909,-0.39262
1984.041667,-0.38267,1.530042151,0.64488,1.6222
1984.125,-0.23073,1.297161822,0.58087,0.19177
1984.208333,1.4247,1.753732671,0.72935,2.3007
1984.291667,-0.4543,0.87624045,0.30333,0.36916
1984.375,-0.1732,1.21664561,0.42803,0.81568
1984.458333,0.024084,0.923866256,0.28015,0.31811
1984.541667,1.3792,0.878255609,0.33388,0.54019
1984.625,0.86662,1.000310974,0.37627,0.57491
1984.708333,1.6692,0.796728391,0.37183,0.85411
1984.791667,0.49011,0.498460234,0.13554,-0.73581
1984.875,-0.22226,0.464485673,0.12702,-0.33605
1984.958333,0.26755,0.408144936,0.11279,-0.53857
1985.041667,0.95508,0.655686815,0.16889,1.6245
1985.125,-0.87739,0.671689205,0.13645,-0.67049
1985.208333,-1.5156,-0.015490186,-0.14075,-0.37643
1985.291667,0.077242,-0.29898442,-0.17768,-0.64481
1985.375,-0.43977,-0.48872255,-0.16274,-0.41265
1985.458333,0.7208,-0.341294157,-0.064519,-0.10001
1985.541667,1.103,0.426556889,0.28266,0.88476
1985.625,-0.24404,-0.060421557,0.067378,-0.035028
1985.708333,0.03125,0.315681838,0.22046,-0.41462
1985.791667,-0.38876,0.034818929,0.068438,-0.96783
1985.875,1.8563,-0.061117238,-0.045499,-2.9199
1985.958333,1.2439,0.353611447,0.1394,0.72455
1986.041667,1.3576,0.922040914,0.45001,2.1866
1986.125,2.7726,1.606011405,0.71215,0.84323
1986.208333,1.1962,1.813439901,0.87171,1.3245
1986.291667,-0.27036,1.197799926,0.55144,-0.24739
1986.375,1.1055,0.777296161,0.39836,0.31158
1986.458333,0.75222,0.583396425,0.44096,0.57505
1986.541667,-0.21525,0.370910874,0.25179,-0.11651
1986.625,1.8672,0.473287068,0.28114,0.40234
1986.708333,1.0404,1.005230326,0.45539,-0.13808
1986.791667,0.93907,1.556408865,0.69415,0.91041
1986.875,-0.17144,1.705513614,0.78056,0.72961
1986.958333,0.84549,1.635660832,0.71692,1.6566
1987.041667,-0.14889,1.147588249,0.50022,1.2747
1987.125,1.1597,1.060172395,0.45805,1.218
1987.208333,1.3974,1.111768048,0.42135,0.76661
1987.291667,0.27336,0.921995366,0.34935,1.0156
1987.375,-0.021307,0.697195495,0.43657,0.46937
1987.458333,-0.34628,-0.372043475,-0.11196,0.039407
1987.541667,1.9679,-0.161171614,-0.10389,0.025029
1987.625,1.4299,0.263851443,0.048106,0.53142
1987.708333,-0.35794,0.573332771,0.19572,0.35186
1987.791667,0.10516,0.721153796,0.29389,1.1021
1987.875,-0.0076113,1.109827884,0.51343,0.85597
1987.958333,-0.413,0.172292039,0.097844,-0.20082
1988.041667,-0.34068,0.066125499,0.055498,0.72939
1988.125,0.44096,0.390452902,0.12866,1.4313
1988.208333,-0.76598,0.489201078,0.17302,1.0603
1988.291667,0.67214,0.528909091,0.20353,0.64736
1988.375,-0.33647,0.17391441,0.15394,0.47917
1988.458333,-0.13417,-0.136546401,0.042118,0.16518
1988.541667,0.37644,0.189052508,0.15277,0.41028
1988.625,0.97933,-0.264782387,-0.048485,0.065492
1988.708333,-0.13433,-0.517698103,-0.21552,-0.069681
1988.791667,0.8863,0.233143613,0.12697,0.69567
1988.875,-0.39435,0.171758306,0.11254,0.13825
1988.958333,-0.86136,0.286056251,0.10576,0.63893
1989.041667,-1.9038,-0.451292276,-0.22994,-0.85895
1989.125,-0.94012,-0.735084723,-0.40459,-1.1129
1989.208333,1.1351,-0.178327689,-0.10371,0.30866
1989.291667,0.93787,0.971746975,0.4684,1.3281
1989.375,-0.98473,0.924900112,0.48507,0.30008
1989.458333,0.14409,0.654631518,0.32418,0.52907
1989.541667,-1.2775,0.850977866,0.40328,0.48275
1989.625,0.52545,0.56861869,0.24471,0.23988
1989.708333,0.84323,0.547565146,0.2215,0.66439
1989.791667,-0.40248,0.662353332,0.26816,0.079236
1989.875,0.2862,0.612398589,0.28559,-0.066931
1989.958333,0.97852,0.996530265,0.47774,1.325
1990.041667,-0.55701,0.742919856,0.30531,0.84895
1990.125,-1.5547,-0.356655175,-0.17962,-2.3569
1990.208333,0.17102,-0.092442399,-0.022832,0.65912
1990.291667,1.7247,0.895138635,0.37777,1.4609
1990.375,0.016037,0.899690076,0.4072,0.50633
1990.458333,-0.41455,0.662023568,0.38962,0.73948
1990.541667,1.1273,0.998363359,0.60537,0.96205
1990.625,0.31966,1.082829832,0.64525,1.0554
1990.708333,0.18196,1.365005599,0.71837,0.9739
1990.791667,-0.58681,0.74682229,0.37263,-0.36613
1990.875,-1.0216,0.423297273,0.17742,-0.5002
1990.958333,-0.69278,0.257113815,0.04253,-1.2977
1991.041667,0.24337,0.765572741,0.23917,-0.16925
1991.125,1.321,0.892179025,0.34492,1.4218
1991.208333,-0.93673,0.472819202,0.18545,-0.38656
1991.291667,-0.38728,0.291180673,0.057243,0.44342
1991.375,-0.67493,-0.141934427,-0.12199,0.023463
1991.458333,-0.34689,-0.64516567,-0.29642,-0.35049
1991.541667,0.61825,-0.093444047,0.021798,0.19484
1991.625,0.069826,-0.252132314,-0.11065,0.17583
1991.708333,1.1092,0.157967783,0.0032546,0.58596
1991.791667,1.8425,0.894849566,0.30332,0.081695
1991.875,0.48777,1.440109451,0.48944,1.0194
1991.958333,-0.21902,0.511658537,0.086632,1.077
1992.041667,1.3321,0.517839981,0.10572,1.6584
1992.125,1.4652,0.691575021,0.26373,0.86827
1992.208333,0.77206,1.161817483,0.51425,1.0857
1992.291667,1.8751,1.462176739,0.66904,1.2469
1992.375,2.3119,2.021928664,0.97081,0.99704
1992.458333,1.4172,1.85790075,0.87048,0.95935
1992.541667,1.3037,1.849566086,0.93704,0.66253
1992.625,0.13575,0.985388453,0.53716,0.53503
1992.708333,1.4873,0.859035311,0.43134,-0.63686
1992.791667,1.4,1.359552942,0.62165,-0.01883
1992.875,0.22942,1.469606084,0.6948,0.67037
1992.958333,-0.73172,0.510083962,0.27991,-0.64482
1993.041667,1.1087,0.44820949,0.23901,-1.0274
1993.125,1.2981,0.707303391,0.37917,0.17806
1993.208333,0.39113,1.024710183,0.47238,1.4723
1993.291667,1.0664,1.750058208,0.71073,1.49
1993.375,1.878,1.804304062,0.83884,1.5807
1993.458333,0.92834,1.945432368,0.96286,1.0107
1993.541667,0.45733,1.028270356,0.50908,0.60343
1993.625,1.4545,0.785552119,0.37199,0.79587
1993.708333,0.37279,0.524116123,0.18274,0.14946
1993.791667,0.73301,1.365626511,0.57358,1.192
1993.875,-0.8058,1.321375328,0.61197,0.12306
1993.958333,-0.28651,1.086796732,0.49397,1.1795
1994.041667,0.17241,1.262175296,0.58213,1.8925
1994.125,0.11438,1.244390693,0.5516,-0.71457
1994.208333,0.0035417,1.482498126,0.64906,0.75089
1994.291667,0.34609,1.291276158,0.56095,0.93229
1994.375,0.26148,0.952069919,0.41168,0.52957
1994.458333,-0.42795,0.656890456,0.40144,0.51511
1994.541667,0.56191,0.691415072,0.37438,0.40069
1994.625,0.24772,1.097368362,0.57325,1.1955
1994.708333,0.71176,0.60668216,0.29995,0.66885
1994.791667,1.0787,0.657576162,0.24655,-0.40469
1994.875,-1.7356,-0.362567867,-0.29234,-1.4359
1994.958333,-0.017973,-0.561167764,-0.3576,-0.043737
1995.041667,2.0663,-0.132420227,-0.096445,0.99983
1995.125,1.7039,0.520118889,0.24235,1.2682
1995.208333,2.3393,1.23106546,0.54729,0.11764
1995.291667,1.132,0.646097959,0.31437,0.83976
1995.375,1.2198,0.759938662,0.34868,0.63954
1995.458333,0.89682,0.387024644,0.17411,0.50315
1995.541667,1.0242,1.130942853,0.54192,0.83964
1995.625,0.68685,0.437852062,0.16905,0.30588
1995.708333,1.9935,1.323509816,0.55933,1.36
1995.791667,0.048019,0.725685045,0.30994,0.37033
1995.875,1.2197,0.725869731,0.25823,0.78211
1995.958333,1.827,1.746427112,0.68621,1.3966
1996.041667,0.55447,1.777727336,0.6547,-0.29503
1996.125,0.78066,1.743363595,0.71379,0.26561
1996.208333,1.2616,1.751341204,0.68105,1.1122
1996.291667,1.7702,2.106519199,0.78207,1.3665
1996.375,1.0368,2.565829242,1.0139,0.87288
1996.458333,-0.42538,1.770299798,0.71013,0.66267
1996.541667,0.16305,1.014688912,0.39828,0.72751
1996.625,0.27304,0.993314616,0.40591,0.65394
1996.708333,1.3747,1.1176716,0.44448,-0.2647
1996.791667,0.38024,1.053248493,0.31676,-0.7146
1996.875,1.0413,1.006123195,0.29957,-0.20186
1996.958333,1.5132,0.83253339,0.22727,-0.39869
1997.041667,1.4613,1.290155519,0.46488,0.65862
1997.125,-0.15117,1.637093238,0.5964,1.675
1997.208333,0.040852,1.589703368,0.50436,0.61773
1997.291667,1.3358,2.021140311,0.66419,0.89803
1997.375,2.458,2.624500961,1.1592,1.7224
1997.458333,0.81951,3.231793227,1.4668,1.172
1997.541667,1.0983,2.534403895,1.2195,0.98224
1997.625,1.1715,2.762194233,1.3264,1.4524
1997.708333,1.5222,2.619883453,1.2985,1.7352
1997.791667,0.61337,1.757925196,0.77991,-0.17404
1997.875,1.0704,2.035516115,0.93107,1.1475
1997.958333,-0.20479,1.369183182,0.66415,0.49223
1998.041667,2.3461,1.458130568,0.63896,0.40725
1998.125,1.2712,1.519054106,0.64543,1.188
1998.208333,1.2168,2.042328733,0.75347,1.342
1998.291667,-1.422,0.933633431,0.34721,0.38409
1998.375,-1.4586,0.167010451,0.24011,-0.081457
1998.458333,-1.3425,0.022614446,0.10318,0.098354
1998.541667,-0.18616,0.109845315,0.13225,0.66886
1998.625,-1.2442,0.509112505,0.29549,0.39778
1998.708333,0.38525,-0.51863814,-0.19074,0.20685
1998.791667,-0.90385,-0.583207801,-0.16427,-0.029201
1998.875,-0.30629,0.084578025,0.039075,0.19636
1998.958333,-1.9312,-0.636174337,-0.30933,-0.45956
1999.041667,-0.63425,-0.095609489,-0.10625,0.38428
1999.125,-1.2741,-0.639889676,-0.32641,-0.96048
1999.208333,-0.43651,-1.051039817,-0.45288,-0.54228
1999.291667,-1.2393,-1.49142088,-0.65496,-0.38469
1999.375,-0.46552,-1.612679681,-0.86256,-0.56138
1999.458333,0.046424,-1.614143687,-0.85978,-0.22696
1999.541667,-0.97167,-1.493889859,-0.72391,-0.2229
1999.625,0.23001,-0.892482802,-0.35045,0.11296
1999.708333,-0.31,-1.33035608,-0.60322,-0.24585
1999.791667,-0.64443,-1.264594998,-0.50663,-0.35735
1999.875,-0.49948,-1.171818273,-0.42759,0.4038
1999.958333,-1.0813,-1.222909711,-0.41397,-0.16071
2000.041667,-1.2015,-1.011797984,-0.33019,-0.49575
2000.125,0.078869,-0.751284733,-0.19502,1.4174
2000.208333,0.11548,-0.58070903,-0.20354,0.90177
2000.291667,-0.34423,-0.20444332,-0.035127,0.74053
2000.375,0.51729,0.167376701,0.10484,0.58065
2000.458333,0.79287,0.45500447,0.2548,0.65099
2000.541667,-0.38488,0.495074403,0.27278,0.23001
2000.625,-0.24076,0.391643482,0.16253,0.23337
2000.708333,0.56451,0.551752308,0.24529,0.21733
2000.791667,-0.38654,0.126831027,0.021757,-0.048833
2000.875,-0.29833,-0.677739137,-0.36376,0.49767
2000.958333,0.69815,0.18776326,0.064773,1.5545
2001.041667,-0.19861,0.424420399,0.11746,1.6294
2001.125,-0.49019,0.079051597,-0.01449,0.36492
2001.208333,0.11344,-0.059834809,-0.09314,0.99026
2001.291667,-0.91265,-0.366327004,-0.22705,0.034698
2001.375,0.19923,-0.144771333,-0.11691,0.39626
2001.458333,0.089842,-0.109551315,-0.0526,0.51911
2001.541667,0.0014542,-0.022296966,-0.056427,-0.044572
2001.625,-0.15546,-0.093591692,-0.002192,0.52245
2001.708333,0.49671,-0.383669888,-0.12287,0.31034
2001.791667,-0.58607,-0.277227301,-0.061147,-0.34389
2001.875,1.4783,-0.298659901,-0.045557,0.21792
2001.958333,0.25038,-0.52443921,-0.18417,-0.18815
2002.041667,-0.52223,-0.31822105,-0.072066,0.86756
2002.125,-1.228,-0.788133074,-0.26559,0.4479
2002.208333,-0.35543,-0.605120049,-0.2299,-0.48306
2002.291667,0.93862,0.045512098,-0.02964,-0.014179
2002.375,0.65805,0.291748895,0.0020208,0.20996
2002.458333,1.0961,0.339016202,0.006537,0.75904
2002.541667,0.65701,0.325627416,0.090576,0.50822
2002.625,1.161,0.350770786,0.14312,0.29799
2002.708333,0.61972,0.404966748,0.16207,0.48874
2002.791667,1.4415,0.637525785,0.20647,0.43888
2002.875,1.9032,1.023847301,0.44203,1.5316
2002.958333,0.33762,1.579706112,0.67031,0.99872
2003.041667,1.9078,0.985740948,0.44781,2.3168
2003.125,0.69701,1.261365691,0.53905,1.5584
2003.208333,1.3472,1.466234783,0.57793,1.0406
2003.291667,0.22925,0.750900469,0.28151,0.56467
2003.375,0.30976,0.822621002,0.34289,0.60627
2003.458333,1.5789,0.723858404,0.38342,0.92054
2003.541667,0.52257,1.194569527,0.63336,1.1575
2003.625,0.20266,1.431362356,0.68359,0.91771
2003.708333,1.4955,1.177247389,0.56967,0.73011
2003.791667,1.6567,1.401895467,0.57612,1.4707
2003.875,-1.0932,1.031083001,0.4224,-0.28185
2003.958333,0.45997,0.390950575,0.20609,0.48536
2004.041667,1.1762,0.493867356,0.2301,0.17643
2004.125,0.73512,0.452419397,0.19498,1.4957
2004.208333,-0.22112,0.965149872,0.36046,1.4544
2004.291667,0.85098,1.321081469,0.5225,1.4225
2004.375,0.87997,2.010393669,0.88605,1.6954
2004.458333,0.2671,1.514827033,0.6352,1.3163
2004.541667,2.2093,2.157221332,0.99425,1.3323
2004.625,1.9329,2.158478885,1.0382,1.3351
2004.708333,-0.058383,1.648160639,0.84928,0.55206
2004.791667,0.69204,1.275771659,0.57142,0.52249
2004.875,-0.82073,0.504375448,0.16949,0.37011
2004.958333,0.27518,0.323657563,0.08651,0.88878
2005.041667,1.7074,0.895332468,0.34567,1.0143
2005.125,0.25839,1.280350902,0.44427,0.92501
2005.208333,1.2016,1.691095882,0.62676,1.6752
2005.291667,0.35623,1.4228604,0.53448,0.85382
2005.375,2.4626,2.405016666,1.052,1.8527
2005.458333,0.73457,1.767486571,0.79486,0.92015
2005.541667,0.88243,1.42698708,0.71575,1.2986
2005.625,1.8821,1.336133171,0.71344,0.9018
2005.708333,-1.3325,0.885452092,0.40637,0.26768
2005.791667,-0.24868,-0.015536424,-0.030204,0.36055
2005.875,0.22926,0.086108678,0.032402,-0.34863
2005.958333,2.041,0.923840235,0.33625,1.1373
2006.041667,-0.68114,0.940995467,0.37342,0.45651
2006.125,-0.80417,0.555377969,0.23661,0.45965
2006.208333,0.4842,0.01328807,0.025573,-0.54811
2006.291667,-0.02428,-0.249927464,0.01774,-0.098617
2006.375,0.62104,-0.343336663,-0.045454,0.42615
2006.458333,0.71068,0.560272317,0.30505,1.0143
2006.541667,1.3093,0.839413259,0.35736,1.1352
2006.625,0.43627,0.280167579,0.076017,-0.0043406
2006.708333,0.52689,0.136260144,-0.031278,0.40485
2006.791667,0.92602,0.808494091,0.27041,0.25973
2006.875,1.1962,0.806906972,0.23131,-0.60584
2006.958333,-0.53479,0.185320474,-0.055169,0.72575
2007.041667,-0.85751,-0.361588905,-0.2761,0.056753
2007.125,-0.020916,-0.186905505,-0.21696,0.36269
2007.208333,0.69128,-0.433244729,-0.26357,-0.18757
2007.291667,1.0797,-0.085067432,-0.15625,0.6836
2007.375,0.26801,-0.097732552,-0.19987,0.48249
2007.458333,-0.011288,0.339144976,0.0082056,0.4052
2007.541667,2.1099,0.66460994,0.29238,1.0615
2007.625,0.87951,0.787438973,0.38404,0.99355
2007.708333,-0.70448,0.58425378,0.29207,0.5477
2007.791667,-0.87013,-0.759979416,-0.27512,-0.06543
2007.875,0.78752,-0.626013998,-0.30269,0.71881
2007.958333,-1.2273,-0.612920157,-0.33524,-0.030038
2008.041667,-0.7411,-0.990290483,-0.4781,-0.40572
2008.125,-0.31623,-1.244205998,-0.57447,-0.19703
2008.208333,-0.92023,-0.869709175,-0.46528,0.4595
2008.291667,-0.84036,-1.146700346,-0.56102,-0.39921
2008.375,0.78754,-0.960597199,-0.57895,0.35578
2008.458333,-0.46778,-0.595390138,-0.45885,-0.1209
2008.541667,1.4007,0.122661405,-0.060194,0.0053498
2008.625,1.5103,-0.347794743,-0.24582,0.46007
2008.708333,0.82815,-0.571871959,-0.38911,0.30608
2008.791667,-1.1462,-0.292786718,-0.20957,-0.40378
2008.875,-0.24095,-0.40539813,-0.26177,0.61695
2008.958333,-0.41403,-0.417017659,-0.25998,-0.85413
2009.041667,-0.63243,-0.650323905,-0.39493,-0.067302
2009.125,-1.5875,-0.702578103,-0.38107,-0.52054
2009.208333,-1.0025,-1.071101922,-0.50945,-0.80971
2009.291667,-0.19112,-1.085151163,-0.50781,-0.4377
2009.375,1.2593,0.109182257,-0.080565,0.62323
2009.458333,1.8909,1.103444289,0.49077,0.66901
2009.541667,1.7664,0.853065278,0.36263,0.81993
2009.625,1.1606,0.641717029,0.27784,0.47001
2009.708333,0.68322,0.370640794,0.16739,0.89246
2009.791667,2.0353,0.382703871,0.085584,0.39877
2009.875,-0.71021,-0.1254125,-0.19272,-0.02146
2009.958333,2.0583,0.059362968,-0.040275,-0.39872
2010.041667,2.6846,0.847837392,0.29976,1.9401
2010.125,1.2642,0.670871833,0.29133,1.3574
2010.208333,-0.64342,0.080554205,0.067962,0.24843
2010.291667,-0.45263,-0.081953548,-0.0058488,-0.12871
2010.375,-0.56489,-0.13994047,-0.11106,-0.010585
2010.458333,-1.6072,-0.502510994,-0.27792,0.028809
2010.541667,-0.2694,-0.894059222,-0.45879,-0.26932
2010.625,-0.64647,-0.989733408,-0.47413,-0.044881
2010.708333,0.63177,-0.539458894,-0.20763,0.53715
2010.791667,-0.67265,-0.552165886,-0.21943,0.37061
2010.875,-0.62199,-0.684631254,-0.32852,-0.019445
2010.958333,0.973,-0.440560593,-0.1837,0.11233
2011.041667,0.73134,-0.404423008,-0.12202,0.90468
2011.125,-0.97663,-0.19330189,-0.10955,-0.50509
2011.208333,0.35588,-0.304646213,-0.1705,0.47673
2011.291667,0.01265,-0.001142687,-0.069579,-0.007568
2011.375,-0.58039,-0.122417248,-0.15566,-0.079
2011.458333,-0.4091,-0.616516413,-0.36409,-0.16512
2011.541667,0.093136,-0.887792458,-0.432,-0.0061072
2011.625,0.65858,-0.849619608,-0.43513,0.11256
2011.708333,-0.0072007,-0.692007007,-0.42562,0.59925
2011.791667,-0.41804,-0.319698357,-0.18666,0.44726
2011.875,-1.366,-0.980220669,-0.42697,-1.155
2011.958333,-1.6497,-1.117750647,-0.50023,0.37993
2012.041667,-0.21573,-0.752337499,-0.33893,-1.0686
2012.125,-0.4946,-0.477679602,-0.21815,0.82438
2012.208333,-0.45899,-1.194151055,-0.50591,-1.0068
2012.291667,0.52969,-0.41762711,-0.11069,0.5386
2012.375,-0.49747,-1.004556512,-0.45162,-0.052875
2012.458333,0.22876,-1.0700523,-0.521,-0.25632
2012.541667,-0.23768,-1.018099514,-0.49338,-0.31733
2012.625,0.61515,-1.018503291,-0.54772,0.34094
2012.708333,-0.84868,-1.021935423,-0.54986,-0.13577
2012.791667,1.8112,-0.390429394,-0.29943,0.11824
2012.875,0.84847,-0.189025634,-0.20473,0.090531
2012.958333,0.17961,-0.179329092,-0.082542,-0.057658